frame,confidence,offset_px,offset_norm,steering_angle,command,warning
0,0.11014419367283951,-106,-0.165625,-4.96875,RIGHT,0
1,0.1101634837962963,-106,-0.165625,-4.96875,RIGHT,0
2,0.11076147762345678,-98,-0.153125,-4.59375,RIGHT,0
3,0.11076147762345678,-98,-0.153125,-4.59375,RIGHT,0
4,0.10984278549382716,-90,-0.140625,-4.21875,RIGHT,0
5,0.11068672839506173,-84,-0.13125,-3.9375,RIGHT,0
6,0.11068672839506173,-84,-0.13125,-3.9375,RIGHT,0
7,0.11164641203703704,-79,-0.1234375,-3.703125,RIGHT,0
8,0.11169704861111111,-79,-0.1234375,-3.703125,RIGHT,0
9,0.11014419367283951,-90,-0.140625,-4.21875,RIGHT,0
10,0.11014419367283951,-90,-0.140625,-4.21875,RIGHT,0
11,0.11059751157407408,-89,-0.1390625,-4.171875,RIGHT,0
12,0.10991271219135802,-94,-0.146875,-4.40625,RIGHT,0
13,0.10988618827160494,-94,-0.146875,-4.40625,RIGHT,0
14,0.10904224537037037,-99,-0.1546875,-4.640625,RIGHT,0
15,0.10904224537037037,-99,-0.1546875,-4.640625,RIGHT,0
16,0.11015625,-95,-0.1484375,-4.453125,RIGHT,0
17,0.11005015432098765,-95,-0.1484375,-4.453125,RIGHT,0
18,0.10716869212962964,-131,-0.2046875,-6.140625,RIGHT,0
19,0.10716869212962964,-131,-0.2046875,-6.140625,RIGHT,0
20,0.1072096836419753,-131,-0.2046875,-6.140625,RIGHT,0
21,0.10720244984567902,-132,-0.20625,-6.1875,RIGHT,0
22,0.10721209490740741,-132,-0.20625,-6.1875,RIGHT,0
23,0.10721209490740741,-132,-0.20625,-6.1875,RIGHT,0
24,0.1072313850308642,-132,-0.20625,-6.1875,RIGHT,0
25,0.10725067515432099,-131,-0.2046875,-6.140625,RIGHT,0
26,0.10725067515432099,-131,-0.2046875,-6.140625,RIGHT,0
27,0.1078125,-133,-0.2078125,-6.234375,RIGHT,0
28,0.10697579089506173,-134,-0.209375,-6.28125,RIGHT,0
29,0.10696373456790123,-134,-0.209375,-6.28125,RIGHT,0
30,0.11720196759259259,-76,-0.11875,-3.5625,RIGHT,0
31,0.11720196759259259,-76,-0.11875,-3.5625,RIGHT,0
32,0.11492814429012346,-81,-0.1265625,-3.796875,RIGHT,0
33,0.11489679783950617,-82,-0.128125,-3.8437499999999996,RIGHT,0
34,0.10881799768518519,-94,-0.146875,-4.40625,RIGHT,0
35,0.10535059799382716,-114,-0.178125,-5.34375,RIGHT,0
36,0.10550974151234568,-114,-0.178125,-5.34375,RIGHT,0
37,0.10433063271604938,-120,-0.1875,-5.625,RIGHT,0
38,0.10386043595679012,-123,-0.1921875,-5.765625,RIGHT,0
39,0.10395688657407408,-122,-0.190625,-5.71875,RIGHT,0
40,0.10395688657407408,-122,-0.190625,-5.71875,RIGHT,0
41,0.1007716049382716,-140,-0.21875,-6.5625,RIGHT,0
42,0.1007836612654321,-140,-0.21875,-6.5625,RIGHT,0
43,0.10898196373456791,-91,-0.1421875,-4.265625,RIGHT,0
44,0.10881317515432098,-87,-0.1359375,-4.078125,RIGHT,0
45,0.10881317515432098,-87,-0.1359375,-4.078125,RIGHT,0
46,0.1144410686728395,-60,-0.09375,-2.8125,RIGHT,0
47,0.11419029706790124,-61,-0.0953125,-2.859375,RIGHT,0
48,0.11458092206790123,-62,-0.096875,-2.90625,RIGHT,0
49,0.11457127700617284,-62,-0.096875,-2.90625,RIGHT,0
50,0.11716097608024692,-58,-0.090625,-2.71875,RIGHT,0
51,0.11675829475308643,-60,-0.09375,-2.8125,RIGHT,0
52,0.11677517361111112,-60,-0.09375,-2.8125,RIGHT,0
53,0.11468701774691357,-77,-0.1203125,-3.609375,RIGHT,0
54,0.11471595293209877,-77,-0.1203125,-3.609375,RIGHT,0
55,0.11120997299382716,-102,-0.159375,-4.78125,RIGHT,0
56,0.11120997299382716,-102,-0.159375,-4.78125,RIGHT,0
57,0.11118827160493827,-103,-0.1609375,-4.828125,RIGHT,0
58,0.11202739197530864,-96,-0.15,-4.5,RIGHT,0
59,0.11197916666666667,-97,-0.1515625,-4.546875,RIGHT,0
60,0.11027681327160493,-100,-0.15625,-4.6875,RIGHT,0
61,0.11027681327160493,-100,-0.15625,-4.6875,RIGHT,0
62,0.10925443672839506,-103,-0.1609375,-4.828125,RIGHT,0
63,0.10926408179012345,-103,-0.1609375,-4.828125,RIGHT,0
64,0.1035108024691358,-118,-0.184375,-5.53125,RIGHT,0
65,0.1035108024691358,-118,-0.184375,-5.53125,RIGHT,0
66,0.10088252314814815,-137,-0.2140625,-6.421875,RIGHT,0
67,0.10126350308641975,-136,-0.2125,-6.375,RIGHT,0
68,0.10126350308641975,-136,-0.2125,-6.375,RIGHT,0
69,0.10031105324074074,-145,-0.2265625,-6.796875,RIGHT,0
70,0.10030140817901234,-145,-0.2265625,-6.796875,RIGHT,0
71,0.10054012345679013,-145,-0.2265625,-6.796875,RIGHT,0
72,0.10054012345679013,-145,-0.2265625,-6.796875,RIGHT,0
73,0.10073061342592593,-146,-0.228125,-6.84375,RIGHT,0
74,0.10093074845679012,-146,-0.228125,-6.84375,RIGHT,0
75,0.10095486111111111,-146,-0.228125,-6.84375,RIGHT,0
76,0.10161795910493827,-146,-0.228125,-6.84375,RIGHT,0
77,0.10161795910493827,-146,-0.228125,-6.84375,RIGHT,0
78,0.10224006558641975,-146,-0.228125,-6.84375,RIGHT,0
79,0.10225453317901234,-146,-0.228125,-6.84375,RIGHT,0
80,0.10375675154320987,-142,-0.221875,-6.65625,RIGHT,0
81,0.10379050925925926,-142,-0.221875,-6.65625,RIGHT,0
82,0.10378568672839507,-142,-0.221875,-6.65625,RIGHT,0
83,0.1044994212962963,-144,-0.225,-6.75,RIGHT,0
84,0.1044994212962963,-144,-0.225,-6.75,RIGHT,0
85,0.10564959490740741,-144,-0.225,-6.75,RIGHT,0
86,0.1056592399691358,-143,-0.2234375,-6.703125,RIGHT,0
87,0.10591242283950618,-146,-0.228125,-6.84375,RIGHT,0
88,0.10591242283950618,-146,-0.228125,-6.84375,RIGHT,0
89,0.10591483410493827,-146,-0.228125,-6.84375,RIGHT,0
90,0.1050853587962963,-146,-0.228125,-6.84375,RIGHT,0
91,0.1050708912037037,-146,-0.228125,-6.84375,RIGHT,0
92,0.10457417052469135,-145,-0.2265625,-6.796875,RIGHT,0
93,0.10457417052469135,-145,-0.2265625,-6.796875,RIGHT,0
94,0.10160590277777778,-141,-0.2203125,-6.609375,RIGHT,0
95,0.10163242669753086,-141,-0.2203125,-6.609375,RIGHT,0
96,0.1017746913580247,-140,-0.21875,-6.5625,RIGHT,0
97,0.10148051697530865,-141,-0.2203125,-6.609375,RIGHT,0
98,0.10147087191358024,-141,-0.2203125,-6.609375,RIGHT,0
99,0.10219666280864198,-140,-0.21875,-6.5625,RIGHT,0
100,0.10222318672839506,-140,-0.21875,-6.5625,RIGHT,0
101,0.1027295524691358,-138,-0.215625,-6.46875,RIGHT,0
102,0.10277536651234567,-138,-0.215625,-6.46875,RIGHT,0
103,0.10298273533950618,-137,-0.2140625,-6.421875,RIGHT,0
104,0.10378086419753087,-133,-0.2078125,-6.234375,RIGHT,0
105,0.10378086419753087,-133,-0.2078125,-6.234375,RIGHT,0
106,0.10626687885802469,-122,-0.190625,-5.71875,RIGHT,0
107,0.10626687885802469,-122,-0.190625,-5.71875,RIGHT,0
108,0.10613908179012346,-123,-0.1921875,-5.765625,RIGHT,0
109,0.10633680555555555,-121,-0.1890625,-5.671875,RIGHT,0
110,0.10643325617283951,-124,-0.19375,-5.8125,RIGHT,0
111,0.10643325617283951,-124,-0.19375,-5.8125,RIGHT,0
112,0.10464409722222222,-139,-0.2171875,-6.515625,RIGHT,0
113,0.10601369598765432,-137,-0.2140625,-6.421875,RIGHT,0
114,0.10601369598765432,-137,-0.2140625,-6.421875,RIGHT,0
115,0.1080078125,-128,-0.2,-6.0,RIGHT,0
116,0.10797646604938271,-128,-0.2,-6.0,RIGHT,0
117,0.10744116512345679,-137,-0.2140625,-6.421875,RIGHT,0
118,0.10744116512345679,-137,-0.2140625,-6.421875,RIGHT,0
119,0.10889998070987654,-128,-0.2,-6.0,RIGHT,0
120,0.10902536651234568,-120,-0.1875,-5.625,RIGHT,0
121,0.10904224537037037,-120,-0.1875,-5.625,RIGHT,0
122,0.10763165509259259,-126,-0.196875,-5.90625,RIGHT,0
123,0.10763165509259259,-126,-0.196875,-5.90625,RIGHT,0
124,0.10745322145061728,-118,-0.184375,-5.53125,RIGHT,0
125,0.10746045524691358,-118,-0.184375,-5.53125,RIGHT,0
126,0.10460069444444445,-123,-0.1921875,-5.765625,RIGHT,0
127,0.10260175540123456,-134,-0.209375,-6.28125,RIGHT,0
128,0.10261863425925925,-133,-0.2078125,-6.234375,RIGHT,0
129,0.1021508487654321,-136,-0.2125,-6.375,RIGHT,0
130,0.1021508487654321,-136,-0.2125,-6.375,RIGHT,0
131,0.10224971064814815,-136,-0.2125,-6.375,RIGHT,0
132,0.10226417824074074,-136,-0.2125,-6.375,RIGHT,0
133,0.10289592978395062,-133,-0.2078125,-6.234375,RIGHT,0
134,0.10289592978395062,-133,-0.2078125,-6.234375,RIGHT,0
135,0.10197482638888888,-139,-0.2171875,-6.515625,RIGHT,0
136,0.10119357638888889,-144,-0.225,-6.75,RIGHT,0
137,0.10122492283950617,-143,-0.2234375,-6.703125,RIGHT,0
138,0.10126832561728395,-143,-0.2234375,-6.703125,RIGHT,0
139,0.10126832561728395,-143,-0.2234375,-6.703125,RIGHT,0
140,0.10118875385802469,-146,-0.228125,-6.84375,RIGHT,0
141,0.10119839891975309,-146,-0.228125,-6.84375,RIGHT,0
142,0.10154079861111111,-144,-0.225,-6.75,RIGHT,0
143,0.10142505787037037,-148,-0.23125,-6.9375,RIGHT,0
144,0.10142505787037037,-148,-0.23125,-6.9375,RIGHT,0
145,0.10181809413580246,-149,-0.2328125,-6.984375,RIGHT,0
146,0.10181809413580246,-149,-0.2328125,-6.984375,RIGHT,0
147,0.10207609953703704,-150,-0.234375,-7.03125,RIGHT,0
148,0.10207609953703704,-150,-0.234375,-7.03125,RIGHT,0
149,0.10377845293209877,-148,-0.23125,-6.9375,RIGHT,0
150,0.10344087577160493,-152,-0.2375,-7.125,RIGHT,0
151,0.10344328703703703,-152,-0.2375,-7.125,RIGHT,0
152,0.10271267361111111,-152,-0.2375,-7.125,RIGHT,0
153,0.10271267361111111,-152,-0.2375,-7.125,RIGHT,0
154,0.10185185185185185,-152,-0.2375,-7.125,RIGHT,0
155,0.10185185185185185,-152,-0.2375,-7.125,RIGHT,0
156,0.1011622299382716,-151,-0.2359375,-7.078125,RIGHT,0
157,0.1011622299382716,-151,-0.2359375,-7.078125,RIGHT,0
158,0.09992042824074074,-148,-0.23125,-6.9375,RIGHT,0
159,0.10015432098765432,-147,-0.2296875,-6.890625,RIGHT,0
160,0.10015432098765432,-147,-0.2296875,-6.890625,RIGHT,0
161,0.09990354938271605,-149,-0.2328125,-6.984375,RIGHT,0
162,0.09989631558641976,-149,-0.2328125,-6.984375,RIGHT,0
163,0.10024353780864198,-146,-0.228125,-6.84375,RIGHT,0
164,0.10024353780864198,-146,-0.228125,-6.84375,RIGHT,0
165,0.10035686728395062,-145,-0.2265625,-6.796875,RIGHT,0
166,0.09973234953703704,-148,-0.23125,-6.9375,RIGHT,0
167,0.09975646219135803,-148,-0.23125,-6.9375,RIGHT,0
168,0.09974681712962963,-147,-0.2296875,-6.890625,RIGHT,0
169,0.09974681712962963,-147,-0.2296875,-6.890625,RIGHT,0
170,0.10006269290123457,-148,-0.23125,-6.9375,RIGHT,0
171,0.10003858024691357,-148,-0.23125,-6.9375,RIGHT,0
172,0.10012297453703704,-148,-0.23125,-6.9375,RIGHT,0
173,0.10066550925925925,-149,-0.2328125,-6.984375,RIGHT,0
174,0.10066068672839507,-149,-0.2328125,-6.984375,RIGHT,0
175,0.10114535108024691,-150,-0.234375,-7.03125,RIGHT,0
176,0.10114535108024691,-150,-0.234375,-7.03125,RIGHT,0
177,0.1015625,-150,-0.234375,-7.03125,RIGHT,0
178,0.1015673225308642,-150,-0.234375,-7.03125,RIGHT,0
179,0.10223524305555555,-151,-0.2359375,-7.078125,RIGHT,0
180,0.10223524305555555,-151,-0.2359375,-7.078125,RIGHT,0
181,0.10320698302469136,-151,-0.2359375,-7.078125,RIGHT,0
182,0.10300443672839506,-151,-0.2359375,-7.078125,RIGHT,0
183,0.10305266203703704,-151,-0.2359375,-7.078125,RIGHT,0
184,0.10276572145061728,-151,-0.2359375,-7.078125,RIGHT,0
185,0.10276572145061728,-151,-0.2359375,-7.078125,RIGHT,0
186,0.10224488811728395,-150,-0.234375,-7.03125,RIGHT,0
187,0.10222077546296296,-150,-0.234375,-7.03125,RIGHT,0
188,0.10134066358024692,-148,-0.23125,-6.9375,RIGHT,0
189,0.09993730709876543,-146,-0.228125,-6.84375,RIGHT,0
190,0.09996624228395062,-145,-0.2265625,-6.796875,RIGHT,0
191,0.10055941358024692,-144,-0.225,-6.75,RIGHT,0
192,0.10055941358024692,-144,-0.225,-6.75,RIGHT,0
193,0.10293451003086419,-130,-0.203125,-6.09375,RIGHT,0
194,0.10299720293209877,-129,-0.2015625,-6.046875,RIGHT,0
195,0.10308159722222222,-130,-0.203125,-6.09375,RIGHT,0
196,0.10202305169753087,-143,-0.2234375,-6.703125,RIGHT,0
197,0.10202305169753087,-143,-0.2234375,-6.703125,RIGHT,0
198,0.10224729938271605,-143,-0.2234375,-6.703125,RIGHT,0
199,0.10219425154320988,-144,-0.225,-6.75,RIGHT,0
200,0.10200617283950618,-144,-0.225,-6.75,RIGHT,0
201,0.10200617283950618,-144,-0.225,-6.75,RIGHT,0
202,0.10203028549382716,-146,-0.228125,-6.84375,RIGHT,0
203,0.10203028549382716,-146,-0.228125,-6.84375,RIGHT,0
204,0.10259211033950617,-145,-0.2265625,-6.796875,RIGHT,0
205,0.10256799768518518,-146,-0.228125,-6.84375,RIGHT,0
206,0.10254870756172839,-146,-0.228125,-6.84375,RIGHT,0
207,0.10218219521604938,-149,-0.2328125,-6.984375,RIGHT,0
208,0.10218460648148148,-149,-0.2328125,-6.984375,RIGHT,0
209,0.10269579475308642,-151,-0.2359375,-7.078125,RIGHT,0
210,0.10269579475308642,-151,-0.2359375,-7.078125,RIGHT,0
211,0.10416184413580247,-145,-0.2265625,-6.796875,RIGHT,0
212,0.10405333719135802,-152,-0.2375,-7.125,RIGHT,0
213,0.10407262731481481,-153,-0.2390625,-7.171875,RIGHT,0
214,0.10428722993827161,-153,-0.2390625,-7.171875,RIGHT,0
215,0.10428722993827161,-153,-0.2390625,-7.171875,RIGHT,0
216,0.10398823302469136,-152,-0.2375,-7.125,RIGHT,0
217,0.10396412037037037,-152,-0.2375,-7.125,RIGHT,0
218,0.10358796296296297,-149,-0.2328125,-6.984375,RIGHT,0
219,0.10358796296296297,-149,-0.2328125,-6.984375,RIGHT,0
220,0.10206163194444444,-150,-0.234375,-7.03125,RIGHT,0
221,0.10104407793209877,-148,-0.23125,-6.9375,RIGHT,0
222,0.10104407793209877,-148,-0.23125,-6.9375,RIGHT,0
223,0.1007836612654321,-149,-0.2328125,-6.984375,RIGHT,0
224,0.10081259645061728,-149,-0.2328125,-6.984375,RIGHT,0
225,0.10084876543209877,-148,-0.23125,-6.9375,RIGHT,0
226,0.10074266975308642,-148,-0.23125,-6.9375,RIGHT,0
227,0.10111159336419753,-148,-0.23125,-6.9375,RIGHT,0
228,0.1005787037037037,-149,-0.2328125,-6.984375,RIGHT,0
229,0.10057388117283951,-149,-0.2328125,-6.984375,RIGHT,0
230,0.10089699074074074,-149,-0.2328125,-6.984375,RIGHT,0
231,0.10089699074074074,-149,-0.2328125,-6.984375,RIGHT,0
232,0.10083912037037036,-149,-0.2328125,-6.984375,RIGHT,0
233,0.10088493441358025,-150,-0.234375,-7.03125,RIGHT,0
234,0.10114776234567902,-150,-0.234375,-7.03125,RIGHT,0
235,0.10122974537037037,-150,-0.234375,-7.03125,RIGHT,0
236,0.10122251157407407,-150,-0.234375,-7.03125,RIGHT,0
237,0.10168788580246914,-150,-0.234375,-7.03125,RIGHT,0
238,0.10168788580246914,-150,-0.234375,-7.03125,RIGHT,0
239,0.1019603587962963,-150,-0.234375,-7.03125,RIGHT,0
240,0.10191695601851852,-150,-0.234375,-7.03125,RIGHT,0
241,0.10286458333333333,-151,-0.2359375,-7.078125,RIGHT,0
242,0.10286458333333333,-151,-0.2359375,-7.078125,RIGHT,0
243,0.10284047067901235,-151,-0.2359375,-7.078125,RIGHT,0
244,0.10304542824074074,-152,-0.2375,-7.125,RIGHT,0
245,0.10305025077160494,-152,-0.2375,-7.125,RIGHT,0
246,0.10285976080246914,-152,-0.2375,-7.125,RIGHT,0
247,0.10285976080246914,-152,-0.2375,-7.125,RIGHT,0
248,0.10240644290123457,-151,-0.2359375,-7.078125,RIGHT,0
249,0.10245707947530865,-151,-0.2359375,-7.078125,RIGHT,0
250,0.1017602237654321,-150,-0.234375,-7.03125,RIGHT,0
251,0.1007981288580247,-149,-0.2328125,-6.984375,RIGHT,0
252,0.10073061342592593,-149,-0.2328125,-6.984375,RIGHT,0
253,0.09977092978395062,-147,-0.2296875,-6.890625,RIGHT,0
254,0.09977092978395062,-147,-0.2296875,-6.890625,RIGHT,0
255,0.10060040509259259,-141,-0.2203125,-6.609375,RIGHT,0
256,0.10072096836419753,-141,-0.2203125,-6.609375,RIGHT,0
257,0.10043402777777778,-147,-0.2296875,-6.890625,RIGHT,0
258,0.10046296296296296,-147,-0.2296875,-6.890625,RIGHT,0
259,0.10044849537037037,-147,-0.2296875,-6.890625,RIGHT,0
260,0.10085841049382716,-147,-0.2296875,-6.890625,RIGHT,0
261,0.10085841049382716,-147,-0.2296875,-6.890625,RIGHT,0
262,0.10112847222222222,-147,-0.2296875,-6.890625,RIGHT,0
263,0.10111400462962963,-147,-0.2296875,-6.890625,RIGHT,0
264,0.10081500771604938,-148,-0.23125,-6.9375,RIGHT,0
265,0.10081500771604938,-148,-0.23125,-6.9375,RIGHT,0
266,0.10125144675925926,-149,-0.2328125,-6.984375,RIGHT,0
267,0.10176504629629629,-147,-0.2296875,-6.890625,RIGHT,0
268,0.10176504629629629,-147,-0.2296875,-6.890625,RIGHT,0
269,0.10217496141975309,-147,-0.2296875,-6.890625,RIGHT,0
270,0.10216772762345679,-147,-0.2296875,-6.890625,RIGHT,0
271,0.10276331018518518,-148,-0.23125,-6.9375,RIGHT,0
272,0.10276331018518518,-148,-0.23125,-6.9375,RIGHT,0
273,0.1029465663580247,-148,-0.23125,-6.9375,RIGHT,0
274,0.10374951774691359,-149,-0.2328125,-6.984375,RIGHT,0
275,0.10376398533950618,-148,-0.23125,-6.9375,RIGHT,0
276,0.10362895447530865,-149,-0.2328125,-6.984375,RIGHT,0
277,0.10362895447530865,-149,-0.2328125,-6.984375,RIGHT,0
278,0.10242573302469135,-148,-0.23125,-6.9375,RIGHT,0
279,0.10245949074074075,-149,-0.2328125,-6.984375,RIGHT,0
280,0.10095003858024691,-145,-0.2265625,-6.796875,RIGHT,0
281,0.0974561149691358,-140,-0.21875,-6.5625,RIGHT,0
282,0.09743200231481482,-140,-0.21875,-6.5625,RIGHT,0
283,0.09556809413580247,-139,-0.2171875,-6.515625,RIGHT,0
284,0.09556809413580247,-139,-0.2171875,-6.515625,RIGHT,0
285,0.09149064429012346,-132,-0.20625,-6.1875,RIGHT,0
286,0.09145929783950617,-132,-0.20625,-6.1875,RIGHT,0
287,0.09006799768518518,-127,-0.1984375,-5.953125,RIGHT,0
288,0.09006799768518518,-127,-0.1984375,-5.953125,RIGHT,0
289,0.09827112268518519,-141,-0.2203125,-6.609375,RIGHT,0
290,0.10112123842592592,-147,-0.2296875,-6.890625,RIGHT,0
291,0.10102961033950618,-147,-0.2296875,-6.890625,RIGHT,0
292,0.10050636574074075,-146,-0.228125,-6.84375,RIGHT,0
293,0.10050636574074075,-146,-0.228125,-6.84375,RIGHT,0
294,0.10046296296296296,-146,-0.228125,-6.84375,RIGHT,0
295,0.10057146990740741,-146,-0.228125,-6.84375,RIGHT,0
296,0.09861352237654321,-141,-0.2203125,-6.609375,RIGHT,0
297,0.09933690200617284,-139,-0.2171875,-6.515625,RIGHT,0
298,0.09935378086419754,-139,-0.2171875,-6.515625,RIGHT,0
299,0.10121527777777778,-141,-0.2203125,-6.609375,RIGHT,0
300,0.1011766975308642,-141,-0.2203125,-6.609375,RIGHT,0
301,0.10172164351851852,-140,-0.21875,-6.5625,RIGHT,0
302,0.1017746913580247,-139,-0.2171875,-6.515625,RIGHT,0
303,0.10108506944444444,-137,-0.2140625,-6.421875,RIGHT,0
304,0.1011839313271605,-135,-0.2109375,-6.328125,RIGHT,0
305,0.10116946373456791,-135,-0.2109375,-6.328125,RIGHT,0
306,0.10289834104938271,-127,-0.1984375,-5.953125,RIGHT,0
307,0.10289834104938271,-127,-0.1984375,-5.953125,RIGHT,0
308,0.10282841435185185,-127,-0.1984375,-5.953125,RIGHT,0
309,0.10286699459876543,-128,-0.2,-6.0,RIGHT,0
310,0.10428481867283951,-121,-0.1890625,-5.671875,RIGHT,0
311,0.10428481867283951,-121,-0.1890625,-5.671875,RIGHT,0
312,0.10183738425925926,-137,-0.2140625,-6.421875,RIGHT,0
313,0.10158902391975308,-134,-0.209375,-6.28125,RIGHT,0
314,0.10158902391975308,-134,-0.209375,-6.28125,RIGHT,0
315,0.10001929012345678,-138,-0.215625,-6.46875,RIGHT,0
316,0.09998070987654321,-139,-0.2171875,-6.515625,RIGHT,0
317,0.09504967206790123,-135,-0.2109375,-6.328125,RIGHT,0
318,0.09504967206790123,-135,-0.2109375,-6.328125,RIGHT,0
319,0.09126880787037037,-130,-0.203125,-6.09375,RIGHT,0
320,0.1007691936728395,-146,-0.228125,-6.84375,RIGHT,0
321,0.10064863040123456,-146,-0.228125,-6.84375,RIGHT,0
322,0.10277777777777777,-147,-0.2296875,-6.890625,RIGHT,0
323,0.10277777777777777,-147,-0.2296875,-6.890625,RIGHT,0
324,0.1029441550925926,-148,-0.23125,-6.9375,RIGHT,0
325,0.10306471836419753,-148,-0.23125,-6.9375,RIGHT,0
326,0.10385079089506173,-146,-0.228125,-6.84375,RIGHT,0
327,0.10320216049382716,-140,-0.21875,-6.5625,RIGHT,0
328,0.10328173225308641,-140,-0.21875,-6.5625,RIGHT,0
329,0.10251253858024692,-136,-0.2125,-6.375,RIGHT,0
330,0.10251253858024692,-136,-0.2125,-6.375,RIGHT,0
331,0.10367959104938272,-135,-0.2109375,-6.328125,RIGHT,0
332,0.10359278549382717,-135,-0.2109375,-6.328125,RIGHT,0
333,0.10443431712962963,-130,-0.203125,-6.09375,RIGHT,0
334,0.10443431712962963,-130,-0.203125,-6.09375,RIGHT,0
335,0.10185908564814815,-135,-0.2109375,-6.328125,RIGHT,0
336,0.1017481674382716,-134,-0.209375,-6.28125,RIGHT,0
337,0.10174334490740741,-134,-0.209375,-6.28125,RIGHT,0
338,0.10218701774691358,-131,-0.2046875,-6.140625,RIGHT,0
339,0.10218701774691358,-131,-0.2046875,-6.140625,RIGHT,0
340,0.10225453317901234,-131,-0.2046875,-6.140625,RIGHT,0
341,0.10217013888888889,-131,-0.2046875,-6.140625,RIGHT,0
342,0.10182050540123457,-134,-0.209375,-6.28125,RIGHT,0
343,0.10249807098765432,-131,-0.2046875,-6.140625,RIGHT,0
344,0.10242573302469135,-132,-0.20625,-6.1875,RIGHT,0
345,0.10268373842592593,-129,-0.2015625,-6.046875,RIGHT,0
346,0.10268373842592593,-129,-0.2015625,-6.046875,RIGHT,0
347,0.1033203125,-123,-0.1921875,-5.765625,RIGHT,0
348,0.10328414351851851,-123,-0.1921875,-5.765625,RIGHT,0
349,0.10024594907407407,-126,-0.196875,-5.90625,RIGHT,0
350,0.09428530092592592,-110,-0.171875,-5.15625,RIGHT,0
351,0.09428530092592592,-110,-0.171875,-5.15625,RIGHT,0
352,0.09419608410493827,-108,-0.16875,-5.0625,RIGHT,0
353,0.09419608410493827,-108,-0.16875,-5.0625,RIGHT,0
354,0.10302372685185185,-121,-0.1890625,-5.671875,RIGHT,0
355,0.10303819444444444,-121,-0.1890625,-5.671875,RIGHT,0
356,0.10514322916666667,-125,-0.1953125,-5.859375,RIGHT,0
357,0.10514322916666667,-125,-0.1953125,-5.859375,RIGHT,0
358,0.10620900848765433,-122,-0.190625,-5.71875,RIGHT,0
359,0.10628858024691358,-113,-0.1765625,-5.296875,RIGHT,0
360,0.10628858024691358,-113,-0.1765625,-5.296875,RIGHT,0
361,0.10432098765432099,-102,-0.159375,-4.78125,RIGHT,0
362,0.10423177083333333,-103,-0.1609375,-4.828125,RIGHT,0
363,0.10263069058641976,-94,-0.146875,-4.40625,RIGHT,0
364,0.10263069058641976,-94,-0.146875,-4.40625,RIGHT,0
365,0.10517216435185185,-103,-0.1609375,-4.828125,RIGHT,0
366,0.10500337577160494,-111,-0.1734375,-5.203125,RIGHT,0
367,0.1050708912037037,-111,-0.1734375,-5.203125,RIGHT,0
368,0.10090422453703704,-131,-0.2046875,-6.140625,RIGHT,0
369,0.10090422453703704,-131,-0.2046875,-6.140625,RIGHT,0
370,0.1002097800925926,-135,-0.2109375,-6.328125,RIGHT,0
371,0.10027729552469136,-135,-0.2109375,-6.328125,RIGHT,0
372,0.1001953125,-131,-0.2046875,-6.140625,RIGHT,0
373,0.10147569444444444,-124,-0.19375,-5.8125,RIGHT,0
374,0.10144917052469135,-124,-0.19375,-5.8125,RIGHT,0
375,0.10434992283950617,-111,-0.1734375,-5.203125,RIGHT,0
376,0.10434992283950617,-111,-0.1734375,-5.203125,RIGHT,0
377,0.10548562885802469,-101,-0.1578125,-4.734375,RIGHT,0
378,0.10545428240740741,-101,-0.1578125,-4.734375,RIGHT,0
379,0.10519868827160493,-102,-0.159375,-4.78125,RIGHT,0
380,0.10519868827160493,-102,-0.159375,-4.78125,RIGHT,0
381,0.10255111882716049,-99,-0.1546875,-4.640625,RIGHT,0
382,0.09890046296296297,-96,-0.15,-4.5,RIGHT,0
383,0.0990234375,-96,-0.15,-4.5,RIGHT,0
384,0.09741753472222223,-83,-0.1296875,-3.8906250000000004,RIGHT,0
385,0.09741753472222223,-83,-0.1296875,-3.8906250000000004,RIGHT,0
386,0.10121768904320988,-93,-0.1453125,-4.359375,RIGHT,0
387,0.1013720100308642,-93,-0.1453125,-4.359375,RIGHT,0
388,0.1093725887345679,-102,-0.159375,-4.78125,RIGHT,0
389,0.10860098379629629,-93,-0.1453125,-4.359375,RIGHT,0
390,0.10850453317901235,-93,-0.1453125,-4.359375,RIGHT,0
391,0.11043595679012345,-88,-0.1375,-4.125,RIGHT,0
392,0.11043595679012345,-88,-0.1375,-4.125,RIGHT,0
393,0.10797164351851851,-96,-0.15,-4.5,RIGHT,0
394,0.10800540123456791,-96,-0.15,-4.5,RIGHT,0
395,0.10322145061728395,-122,-0.190625,-5.71875,RIGHT,0
396,0.10298273533950618,-120,-0.1875,-5.625,RIGHT,0
397,0.10298273533950618,-120,-0.1875,-5.625,RIGHT,0
398,0.10274884259259259,-115,-0.1796875,-5.390625,RIGHT,0
399,0.10242332175925926,-115,-0.1796875,-5.390625,RIGHT,0
400,0.10495273919753087,-113,-0.1765625,-5.296875,RIGHT,0
401,0.10495273919753087,-113,-0.1765625,-5.296875,RIGHT,0
402,0.10393277391975309,-113,-0.1765625,-5.296875,RIGHT,0
403,0.10366512345679012,-114,-0.178125,-5.34375,RIGHT,0
404,0.10477912808641976,-115,-0.1796875,-5.390625,RIGHT,0
405,0.10340229552469135,-127,-0.1984375,-5.953125,RIGHT,0
406,0.10360001929012345,-126,-0.196875,-5.90625,RIGHT,0
407,0.10234375,-134,-0.209375,-6.28125,RIGHT,0
408,0.10255353009259259,-133,-0.2078125,-6.234375,RIGHT,0
409,0.10226900077160493,-131,-0.2046875,-6.140625,RIGHT,0
410,0.10226900077160493,-131,-0.2046875,-6.140625,RIGHT,0
411,0.1019483024691358,-138,-0.215625,-6.46875,RIGHT,0
412,0.10103684413580247,-140,-0.21875,-6.5625,RIGHT,0
413,0.10111159336419753,-140,-0.21875,-6.5625,RIGHT,0
414,0.0999879436728395,-142,-0.221875,-6.65625,RIGHT,0
415,0.0999879436728395,-142,-0.221875,-6.65625,RIGHT,0
416,0.09848572530864197,-144,-0.225,-6.75,RIGHT,0
417,0.09855565200617283,-144,-0.225,-6.75,RIGHT,0
418,0.10094280478395062,-123,-0.1921875,-5.765625,RIGHT,0
419,0.10094280478395062,-123,-0.1921875,-5.765625,RIGHT,0
420,0.10257040895061728,-129,-0.2015625,-6.046875,RIGHT,0
421,0.10325279706790123,-131,-0.2046875,-6.140625,RIGHT,0
422,0.10325279706790123,-131,-0.2046875,-6.140625,RIGHT,0
423,0.10478395061728395,-137,-0.2140625,-6.421875,RIGHT,0
424,0.10481047453703704,-138,-0.215625,-6.46875,RIGHT,0
425,0.10536265432098765,-145,-0.2265625,-6.796875,RIGHT,0
426,0.10536265432098765,-145,-0.2265625,-6.796875,RIGHT,0
427,0.10570023148148149,-141,-0.2203125,-6.609375,RIGHT,0
428,0.10418354552469136,-146,-0.228125,-6.84375,RIGHT,0
429,0.10428964120370371,-146,-0.228125,-6.84375,RIGHT,0
430,0.10266444830246914,-150,-0.234375,-7.03125,RIGHT,0
431,0.10266444830246914,-150,-0.234375,-7.03125,RIGHT,0
432,0.10264033564814815,-149,-0.2328125,-6.984375,RIGHT,0
433,0.10265239197530865,-149,-0.2328125,-6.984375,RIGHT,0
434,0.10504677854938271,-137,-0.2140625,-6.421875,RIGHT,0
435,0.10603539737654322,-121,-0.1890625,-5.671875,RIGHT,0
436,0.10614390432098765,-121,-0.1890625,-5.671875,RIGHT,0
437,0.1062451774691358,-115,-0.1796875,-5.390625,RIGHT,0
438,0.1062451774691358,-115,-0.1796875,-5.390625,RIGHT,0
439,0.1058449074074074,-111,-0.1734375,-5.203125,RIGHT,0
440,0.10586178626543209,-111,-0.1734375,-5.203125,RIGHT,0
441,0.10512152777777778,-114,-0.178125,-5.34375,RIGHT,0
442,0.10512152777777778,-114,-0.178125,-5.34375,RIGHT,0
443,0.1052830825617284,-113,-0.1765625,-5.296875,RIGHT,0
444,0.10641155478395062,-110,-0.171875,-5.15625,RIGHT,0
445,0.10658998842592593,-110,-0.171875,-5.15625,RIGHT,0
446,0.10675154320987654,-111,-0.1734375,-5.203125,RIGHT,0
447,0.10675154320987654,-111,-0.1734375,-5.203125,RIGHT,0
448,0.10658998842592593,-113,-0.1765625,-5.296875,RIGHT,0
449,0.10652247299382717,-113,-0.1765625,-5.296875,RIGHT,0
450,0.105859375,-111,-0.1734375,-5.203125,RIGHT,0
451,0.10284529320987654,-120,-0.1875,-5.625,RIGHT,0
452,0.10281153549382716,-121,-0.1890625,-5.671875,RIGHT,0
453,0.10853105709876543,-134,-0.209375,-6.28125,RIGHT,0
454,0.10851658950617284,-134,-0.209375,-6.28125,RIGHT,0
455,0.10910011574074074,-125,-0.1953125,-5.859375,RIGHT,0
456,0.10910011574074074,-125,-0.1953125,-5.859375,RIGHT,0
457,0.10844666280864197,-131,-0.2046875,-6.140625,RIGHT,0
458,0.10844907407407407,-135,-0.2109375,-6.328125,RIGHT,0
459,0.10824893904320988,-136,-0.2125,-6.375,RIGHT,0
460,0.10786313657407408,-140,-0.21875,-6.5625,RIGHT,0
461,0.10786313657407408,-140,-0.21875,-6.5625,RIGHT,0
462,0.10692515432098765,-130,-0.203125,-6.09375,RIGHT,0
463,0.1068311149691358,-130,-0.203125,-6.09375,RIGHT,0
464,0.10659481095679012,-124,-0.19375,-5.8125,RIGHT,0
465,0.10659481095679012,-124,-0.19375,-5.8125,RIGHT,0
466,0.10770881558641976,-113,-0.1765625,-5.296875,RIGHT,0
467,0.1064525462962963,-122,-0.190625,-5.71875,RIGHT,0
468,0.10645736882716049,-122,-0.190625,-5.71875,RIGHT,0
469,0.10634162808641975,-118,-0.184375,-5.53125,RIGHT,0
470,0.10636332947530865,-118,-0.184375,-5.53125,RIGHT,0
471,0.10658034336419753,-111,-0.1734375,-5.203125,RIGHT,0
472,0.1064525462962963,-113,-0.1765625,-5.296875,RIGHT,0
473,0.10586178626543209,-114,-0.178125,-5.34375,RIGHT,0
474,0.10862750771604938,-97,-0.1515625,-4.546875,RIGHT,0
475,0.10849729938271604,-97,-0.1515625,-4.546875,RIGHT,0
476,0.1083912037037037,-98,-0.153125,-4.59375,RIGHT,0
477,0.1083912037037037,-98,-0.153125,-4.59375,RIGHT,0
478,0.1093725887345679,-96,-0.15,-4.5,RIGHT,0
479,0.10922067901234568,-97,-0.1515625,-4.546875,RIGHT,0
480,0.1099609375,-93,-0.1453125,-4.359375,RIGHT,0
481,0.10825135030864197,-105,-0.1640625,-4.921875,RIGHT,0
482,0.10815248842592592,-105,-0.1640625,-4.921875,RIGHT,0
483,0.10759307484567901,-106,-0.165625,-4.96875,RIGHT,0
484,0.10759307484567901,-106,-0.165625,-4.96875,RIGHT,0
485,0.10721691743827161,-101,-0.1578125,-4.734375,RIGHT,0
486,0.10716628086419754,-102,-0.159375,-4.78125,RIGHT,0
487,0.1084008487654321,-100,-0.15625,-4.6875,RIGHT,0
488,0.1084008487654321,-100,-0.15625,-4.6875,RIGHT,0
489,0.10336371527777778,-95,-0.1484375,-4.453125,RIGHT,0
490,0.10412808641975309,-96,-0.15,-4.5,RIGHT,0
491,0.10416425540123457,-96,-0.15,-4.5,RIGHT,0
492,0.10752314814814815,-108,-0.16875,-5.0625,RIGHT,0
493,0.10752314814814815,-108,-0.16875,-5.0625,RIGHT,0
494,0.1093822337962963,-108,-0.16875,-5.0625,RIGHT,0
495,0.10954861111111111,-109,-0.1703125,-5.109375,RIGHT,0
496,0.10962094907407408,-115,-0.1796875,-5.390625,RIGHT,0
497,0.1097776813271605,-102,-0.159375,-4.78125,RIGHT,0
498,0.1097608024691358,-102,-0.159375,-4.78125,RIGHT,0
499,0.10964265046296297,-97,-0.1515625,-4.546875,RIGHT,0
500,0.10961853780864197,-98,-0.153125,-4.59375,RIGHT,0
501,0.10992959104938271,-102,-0.159375,-4.78125,RIGHT,0
502,0.10992959104938271,-102,-0.159375,-4.78125,RIGHT,0
503,0.10992959104938271,-93,-0.1453125,-4.359375,RIGHT,0
504,0.11328125,-69,-0.1078125,-3.234375,RIGHT,0
505,0.11326437114197531,-69,-0.1078125,-3.234375,RIGHT,0
506,0.11339457947530865,-69,-0.1078125,-3.234375,RIGHT,0
507,0.11339457947530865,-69,-0.1078125,-3.234375,RIGHT,0
508,0.11305459104938272,-69,-0.1078125,-3.234375,RIGHT,0
509,0.11313898533950617,-69,-0.1078125,-3.234375,RIGHT,0
510,0.11125819830246914,-81,-0.1265625,-3.796875,RIGHT,0
511,0.11125819830246914,-81,-0.1265625,-3.796875,RIGHT,0
512,0.11009114583333333,-86,-0.134375,-4.03125,RIGHT,0
513,0.10989824459876543,-91,-0.1421875,-4.265625,RIGHT,0
514,0.10989824459876543,-91,-0.1421875,-4.265625,RIGHT,0
515,0.1099657600308642,-91,-0.1421875,-4.265625,RIGHT,0
516,0.10991512345679012,-91,-0.1421875,-4.265625,RIGHT,0
517,0.11197916666666667,-80,-0.125,-3.75,RIGHT,0
518,0.11178867669753087,-81,-0.1265625,-3.796875,RIGHT,0
519,0.10874807098765432,-79,-0.1234375,-3.703125,RIGHT,0
520,0.10859375,-80,-0.125,-3.75,RIGHT,0
521,0.10857928240740741,-79,-0.1234375,-3.703125,RIGHT,0
522,0.10876977237654321,-79,-0.1234375,-3.703125,RIGHT,0
523,0.10876977237654321,-79,-0.1234375,-3.703125,RIGHT,0
524,0.11119791666666666,-88,-0.1375,-4.125,RIGHT,0
525,0.1113233024691358,-88,-0.1375,-4.125,RIGHT,0
526,0.11217206790123457,-96,-0.15,-4.5,RIGHT,0
527,0.1140697337962963,-98,-0.153125,-4.59375,RIGHT,0
528,0.11408661265432099,-98,-0.153125,-4.59375,RIGHT,0
529,0.11338734567901235,-102,-0.159375,-4.78125,RIGHT,0
530,0.11338734567901235,-102,-0.159375,-4.78125,RIGHT,0
531,0.11333670910493827,-96,-0.15,-4.5,RIGHT,0
532,0.11336323302469135,-96,-0.15,-4.5,RIGHT,0
533,0.11126302083333334,-96,-0.15,-4.5,RIGHT,0
534,0.11126302083333334,-96,-0.15,-4.5,RIGHT,0
535,0.11107976466049382,-94,-0.146875,-4.40625,RIGHT,0
536,0.11202498070987654,-94,-0.146875,-4.40625,RIGHT,0
537,0.11202015817901234,-95,-0.1484375,-4.453125,RIGHT,0
538,0.10922791280864197,-108,-0.16875,-5.0625,RIGHT,0
539,0.10922791280864197,-108,-0.16875,-5.0625,RIGHT,0
540,0.10971257716049383,-103,-0.1609375,-4.828125,RIGHT,0
541,0.10961853780864197,-103,-0.1609375,-4.828125,RIGHT,0
542,0.10765094521604938,-110,-0.171875,-5.15625,RIGHT,0
543,0.1076340663580247,-105,-0.1640625,-4.921875,RIGHT,0
544,0.1076220100308642,-105,-0.1640625,-4.921875,RIGHT,0
545,0.10905430169753086,-96,-0.15,-4.5,RIGHT,0
546,0.10905430169753086,-96,-0.15,-4.5,RIGHT,0
547,0.10911458333333333,-96,-0.15,-4.5,RIGHT,0
548,0.10910252700617284,-96,-0.15,-4.5,RIGHT,0
549,0.11116174768518519,-93,-0.1453125,-4.359375,RIGHT,0
550,0.11114728009259259,-94,-0.146875,-4.40625,RIGHT,0
551,0.11115210262345679,-94,-0.146875,-4.40625,RIGHT,0
552,0.1111400462962963,-94,-0.146875,-4.40625,RIGHT,0
553,0.1111400462962963,-94,-0.146875,-4.40625,RIGHT,0
554,0.1111376350308642,-94,-0.146875,-4.40625,RIGHT,0
555,0.1111376350308642,-94,-0.146875,-4.40625,RIGHT,0
556,0.10802710262345679,-97,-0.1515625,-4.546875,RIGHT,0
557,0.10802710262345679,-97,-0.1515625,-4.546875,RIGHT,0
558,0.10803915895061729,-98,-0.153125,-4.59375,RIGHT,0
559,0.10987895447530864,-108,-0.16875,-5.0625,RIGHT,0
560,0.10987895447530864,-108,-0.16875,-5.0625,RIGHT,0
561,0.11141010802469135,-115,-0.1796875,-5.390625,RIGHT,0
562,0.111328125,-115,-0.1796875,-5.390625,RIGHT,0
563,0.11062403549382716,-121,-0.1890625,-5.671875,RIGHT,0
564,0.11062403549382716,-121,-0.1890625,-5.671875,RIGHT,0
565,0.1117163387345679,-125,-0.1953125,-5.859375,RIGHT,0
566,0.10926167052469135,-136,-0.2125,-6.375,RIGHT,0
567,0.10928096064814814,-136,-0.2125,-6.375,RIGHT,0
568,0.10621141975308641,-147,-0.2296875,-6.890625,RIGHT,0
569,0.10621141975308641,-147,-0.2296875,-6.890625,RIGHT,0
570,0.10591483410493827,-142,-0.221875,-6.65625,RIGHT,0
571,0.10588107638888888,-142,-0.221875,-6.65625,RIGHT,0
572,0.10577015817901235,-148,-0.23125,-6.9375,RIGHT,0
573,0.10676118827160494,-139,-0.2171875,-6.515625,RIGHT,0
574,0.10672019675925926,-139,-0.2171875,-6.515625,RIGHT,0
575,0.10552903163580248,-138,-0.215625,-6.46875,RIGHT,0
576,0.10552903163580248,-138,-0.215625,-6.46875,RIGHT,0
577,0.10552420910493827,-135,-0.2109375,-6.328125,RIGHT,0
578,0.1056568287037037,-135,-0.2109375,-6.328125,RIGHT,0
579,0.10545428240740741,-133,-0.2078125,-6.234375,RIGHT,0
580,0.10545428240740741,-133,-0.2078125,-6.234375,RIGHT,0
581,0.105078125,-132,-0.20625,-6.1875,RIGHT,0
582,0.10475742669753087,-135,-0.2109375,-6.328125,RIGHT,0
583,0.10474778163580246,-136,-0.2125,-6.375,RIGHT,0
584,0.10490933641975309,-134,-0.209375,-6.28125,RIGHT,0
585,0.10490933641975309,-134,-0.209375,-6.28125,RIGHT,0
586,0.10521556712962964,-138,-0.215625,-6.46875,RIGHT,0
587,0.10524209104938272,-138,-0.215625,-6.46875,RIGHT,0
588,0.1056688850308642,-135,-0.2109375,-6.328125,RIGHT,0
589,0.10514081790123457,-138,-0.215625,-6.46875,RIGHT,0
590,0.10505160108024691,-138,-0.215625,-6.46875,RIGHT,0
591,0.10469714506172839,-151,-0.2359375,-7.078125,RIGHT,0
592,0.10469714506172839,-151,-0.2359375,-7.078125,RIGHT,0
593,0.10452353395061728,-153,-0.2390625,-7.171875,RIGHT,0
594,0.10453317901234568,-153,-0.2390625,-7.171875,RIGHT,0
595,0.10336371527777778,-156,-0.24375,-7.3125,RIGHT,0
596,0.10146604938271606,-156,-0.24375,-7.3125,RIGHT,0
597,0.10146604938271606,-156,-0.24375,-7.3125,RIGHT,0
598,0.10367717978395062,-160,-0.25,-7.5,RIGHT,0
599,0.10346498842592593,-159,-0.2484375,-7.453125,RIGHT,0
600,0.10581597222222222,-163,-0.2546875,-7.640625,RIGHT,0
601,0.10581597222222222,-163,-0.2546875,-7.640625,RIGHT,0
602,0.10716145833333333,-155,-0.2421875,-7.265625,RIGHT,0
603,0.10712528935185185,-156,-0.24375,-7.3125,RIGHT,0
604,0.1082127700617284,-153,-0.2390625,-7.171875,RIGHT,0
605,0.10614149305555555,-146,-0.228125,-6.84375,RIGHT,0
606,0.1054663387345679,-144,-0.225,-6.75,RIGHT,0
607,0.10582320601851852,-147,-0.2296875,-6.890625,RIGHT,0
608,0.10588107638888888,-147,-0.2296875,-6.890625,RIGHT,0
609,0.10640673225308642,-150,-0.234375,-7.03125,RIGHT,0
610,0.10640673225308642,-150,-0.234375,-7.03125,RIGHT,0
611,0.10655381944444445,-150,-0.234375,-7.03125,RIGHT,0
612,0.1060378086419753,-151,-0.2359375,-7.078125,RIGHT,0
613,0.10602816358024691,-151,-0.2359375,-7.078125,RIGHT,0
614,0.10520833333333333,-153,-0.2390625,-7.171875,RIGHT,0
615,0.10520833333333333,-153,-0.2390625,-7.171875,RIGHT,0
616,0.10373987268518518,-153,-0.2390625,-7.171875,RIGHT,0
617,0.10374710648148149,-153,-0.2390625,-7.171875,RIGHT,0
618,0.10269820601851852,-156,-0.24375,-7.3125,RIGHT,0
619,0.10269820601851852,-156,-0.24375,-7.3125,RIGHT,0
620,0.10269338348765432,-157,-0.2453125,-7.359375,RIGHT,0
621,0.10252218364197531,-157,-0.2453125,-7.359375,RIGHT,0
622,0.10252218364197531,-157,-0.2453125,-7.359375,RIGHT,0
623,0.10280430169753087,-157,-0.2453125,-7.359375,RIGHT,0
624,0.10280189043209877,-157,-0.2453125,-7.359375,RIGHT,0
625,0.10243055555555555,-155,-0.2421875,-7.265625,RIGHT,0
626,0.10243055555555555,-155,-0.2421875,-7.265625,RIGHT,0
627,0.1021412037037037,-153,-0.2390625,-7.171875,RIGHT,0
628,0.09869550540123456,-147,-0.2296875,-6.890625,RIGHT,0
629,0.09873649691358025,-147,-0.2296875,-6.890625,RIGHT,0
630,0.09877989969135803,-147,-0.2296875,-6.890625,RIGHT,0
631,0.09877989969135803,-147,-0.2296875,-6.890625,RIGHT,0
632,0.09878954475308642,-147,-0.2296875,-6.890625,RIGHT,0
633,0.09879677854938272,-147,-0.2296875,-6.890625,RIGHT,0
634,0.09878231095679012,-147,-0.2296875,-6.890625,RIGHT,0
635,0.09888358410493828,-147,-0.2296875,-6.890625,RIGHT,0
636,0.09886670524691359,-147,-0.2296875,-6.890625,RIGHT,0
637,0.09909577546296296,-147,-0.2296875,-6.890625,RIGHT,0
638,0.09909577546296296,-147,-0.2296875,-6.890625,RIGHT,0
639,0.09993248456790123,-142,-0.221875,-6.65625,RIGHT,0
640,0.09994212962962963,-142,-0.221875,-6.65625,RIGHT,0
641,0.09933690200617284,-148,-0.23125,-6.9375,RIGHT,0
642,0.09933690200617284,-148,-0.23125,-6.9375,RIGHT,0
643,0.10004099151234568,-145,-0.2265625,-6.796875,RIGHT,0
644,0.09996624228395062,-147,-0.2296875,-6.890625,RIGHT,0
645,0.09994454089506173,-147,-0.2296875,-6.890625,RIGHT,0
646,0.1001880787037037,-148,-0.23125,-6.9375,RIGHT,0
647,0.1001880787037037,-148,-0.23125,-6.9375,RIGHT,0
648,0.10006028163580247,-148,-0.23125,-6.9375,RIGHT,0
649,0.10005787037037037,-148,-0.23125,-6.9375,RIGHT,0
650,0.10044367283950617,-148,-0.23125,-6.9375,RIGHT,0
651,0.10105613425925926,-149,-0.2328125,-6.984375,RIGHT,0
652,0.10113329475308643,-149,-0.2328125,-6.984375,RIGHT,0
653,0.10192418981481481,-150,-0.234375,-7.03125,RIGHT,0
654,0.10192418981481481,-150,-0.234375,-7.03125,RIGHT,0
655,0.10266444830246914,-151,-0.2359375,-7.078125,RIGHT,0
656,0.10260898919753086,-151,-0.2359375,-7.078125,RIGHT,0
657,0.10443913966049383,-155,-0.2421875,-7.265625,RIGHT,0
658,0.10477430555555556,-153,-0.2390625,-7.171875,RIGHT,0
659,0.10471884645061728,-153,-0.2390625,-7.171875,RIGHT,0
660,0.10450424382716049,-149,-0.2328125,-6.984375,RIGHT,0
661,0.10450424382716049,-149,-0.2328125,-6.984375,RIGHT,0
662,0.10422935956790123,-143,-0.2234375,-6.703125,RIGHT,0
663,0.10416425540123457,-143,-0.2234375,-6.703125,RIGHT,0
664,0.1052517361111111,-134,-0.209375,-6.28125,RIGHT,0
665,0.1052517361111111,-134,-0.209375,-6.28125,RIGHT,0
666,0.10397376543209877,-141,-0.2203125,-6.609375,RIGHT,0
667,0.10509982638888889,-127,-0.1984375,-5.953125,RIGHT,0
668,0.10539641203703703,-125,-0.1953125,-5.859375,RIGHT,0
669,0.10518422067901234,-127,-0.1984375,-5.953125,RIGHT,0
670,0.10512393904320988,-127,-0.1984375,-5.953125,RIGHT,0
671,0.10686246141975309,-110,-0.171875,-5.15625,RIGHT,0
672,0.10686246141975309,-110,-0.171875,-5.15625,RIGHT,0
673,0.10459104938271604,-112,-0.175,-5.25,RIGHT,0
674,0.10779562114197531,-95,-0.1484375,-4.453125,RIGHT,0
675,0.1078052662037037,-95,-0.1484375,-4.453125,RIGHT,0
676,0.10806568287037037,-94,-0.146875,-4.40625,RIGHT,0
677,0.10806568287037037,-94,-0.146875,-4.40625,RIGHT,0
678,0.1079957561728395,-94,-0.146875,-4.40625,RIGHT,0
679,0.1079957561728395,-94,-0.146875,-4.40625,RIGHT,0
680,0.1082103587962963,-94,-0.146875,-4.40625,RIGHT,0
681,0.10691550925925926,-103,-0.1609375,-4.828125,RIGHT,0
682,0.10690104166666667,-103,-0.1609375,-4.828125,RIGHT,0
683,0.10812596450617284,-101,-0.1578125,-4.734375,RIGHT,0
684,0.10812596450617284,-101,-0.1578125,-4.734375,RIGHT,0
685,0.10818865740740741,-107,-0.1671875,-5.015625,RIGHT,0
686,0.10819589120370371,-107,-0.1671875,-5.015625,RIGHT,0
687,0.10810667438271605,-104,-0.1625,-4.875,RIGHT,0
688,0.10810667438271605,-104,-0.1625,-4.875,RIGHT,0
689,0.1078197337962963,-110,-0.171875,-5.15625,RIGHT,0
690,0.10622106481481482,-121,-0.1890625,-5.671875,RIGHT,0
691,0.10624035493827161,-121,-0.1890625,-5.671875,RIGHT,0
692,0.10710599922839506,-158,-0.246875,-7.40625,RIGHT,0
693,0.10710599922839506,-158,-0.246875,-7.40625,RIGHT,0
694,0.10696855709876543,-158,-0.246875,-7.40625,RIGHT,0
695,0.10692033179012346,-158,-0.246875,-7.40625,RIGHT,0
696,0.11017071759259259,-169,-0.2640625,-7.921874999999999,RIGHT,0
697,0.11277006172839506,-177,-0.2765625,-8.296875,RIGHT,0
698,0.11281346450617284,-177,-0.2765625,-8.296875,RIGHT,0
699,0.11264226466049383,-174,-0.271875,-8.15625,RIGHT,0
700,0.11253134645061728,-173,-0.2703125,-8.109375,RIGHT,0
701,0.11120515046296296,-175,-0.2734375,-8.203125,RIGHT,0
702,0.11148244598765432,-176,-0.275,-8.25,RIGHT,0
703,0.1111328125,-174,-0.271875,-8.15625,RIGHT,0
704,0.10793065200617284,-157,-0.2453125,-7.359375,RIGHT,0
705,0.10792341820987654,-156,-0.24375,-7.3125,RIGHT,0
706,0.10789930555555556,-157,-0.2453125,-7.359375,RIGHT,0
707,0.10789930555555556,-157,-0.2453125,-7.359375,RIGHT,0
708,0.1077980324074074,-157,-0.2453125,-7.359375,RIGHT,0
709,0.10778597608024691,-157,-0.2453125,-7.359375,RIGHT,0
710,0.10778838734567901,-157,-0.2453125,-7.359375,RIGHT,0
711,0.10778838734567901,-157,-0.2453125,-7.359375,RIGHT,0
712,0.10697820216049382,-147,-0.2296875,-6.890625,RIGHT,0
713,0.10798128858024691,-129,-0.2015625,-6.046875,RIGHT,0
714,0.10798369984567902,-125,-0.1953125,-5.859375,RIGHT,0
715,0.10699266975308643,-124,-0.19375,-5.8125,RIGHT,0
716,0.10696855709876543,-125,-0.1953125,-5.859375,RIGHT,0
717,0.10583526234567901,-137,-0.2140625,-6.421875,RIGHT,0
718,0.10583526234567901,-137,-0.2140625,-6.421875,RIGHT,0
719,0.10248119212962963,-148,-0.23125,-6.9375,RIGHT,0
720,0.10128038194444444,-149,-0.2328125,-6.984375,RIGHT,0
721,0.10126591435185185,-150,-0.234375,-7.03125,RIGHT,0
722,0.10114535108024691,-151,-0.2359375,-7.078125,RIGHT,0
723,0.10114535108024691,-151,-0.2359375,-7.078125,RIGHT,0
724,0.10149980709876544,-153,-0.2390625,-7.171875,RIGHT,0
725,0.10148533950617283,-153,-0.2390625,-7.171875,RIGHT,0
726,0.10150221836419752,-153,-0.2390625,-7.171875,RIGHT,0
727,0.10187114197530864,-153,-0.2390625,-7.171875,RIGHT,0
728,0.10186390817901235,-153,-0.2390625,-7.171875,RIGHT,0
729,0.10405815972222222,-146,-0.228125,-6.84375,RIGHT,0
730,0.10405815972222222,-146,-0.228125,-6.84375,RIGHT,0
731,0.10638261959876544,-139,-0.2171875,-6.515625,RIGHT,0
732,0.10635850694444444,-139,-0.2171875,-6.515625,RIGHT,0
733,0.10963059413580246,-134,-0.209375,-6.28125,RIGHT,0
734,0.10963059413580246,-134,-0.209375,-6.28125,RIGHT,0
735,0.10932195216049383,-135,-0.2109375,-6.328125,RIGHT,0
736,0.10552662037037037,-151,-0.2359375,-7.078125,RIGHT,0
737,0.10551697530864197,-151,-0.2359375,-7.078125,RIGHT,0
738,0.10428722993827161,-156,-0.24375,-7.3125,RIGHT,0
739,0.10428722993827161,-156,-0.24375,-7.3125,RIGHT,0
740,0.10378327546296297,-157,-0.2453125,-7.359375,RIGHT,0
741,0.10380738811728395,-157,-0.2453125,-7.359375,RIGHT,0
742,0.10291280864197531,-158,-0.246875,-7.40625,RIGHT,0
743,0.09974681712962963,-155,-0.2421875,-7.265625,RIGHT,0
744,0.09974199459876543,-155,-0.2421875,-7.265625,RIGHT,0
745,0.0998095100308642,-155,-0.2421875,-7.265625,RIGHT,0
746,0.09976369598765432,-155,-0.2421875,-7.265625,RIGHT,0
747,0.09978780864197531,-155,-0.2421875,-7.265625,RIGHT,0
748,0.09981674382716049,-155,-0.2421875,-7.265625,RIGHT,0
749,0.10336371527777778,-128,-0.2,-6.0,RIGHT,0
750,0.10634162808641975,-109,-0.1703125,-5.109375,RIGHT,0
751,0.10634162808641975,-109,-0.1703125,-5.109375,RIGHT,0
752,0.10778838734567901,-100,-0.15625,-4.6875,RIGHT,0
753,0.10778838734567901,-100,-0.15625,-4.6875,RIGHT,0
754,0.10642602237654321,-107,-0.1671875,-5.015625,RIGHT,0
755,0.10629099151234568,-108,-0.16875,-5.0625,RIGHT,0
756,0.1039207175925926,-124,-0.19375,-5.8125,RIGHT,0
757,0.1039207175925926,-124,-0.19375,-5.8125,RIGHT,0
758,0.1039014274691358,-128,-0.2,-6.0,RIGHT,0
759,0.10375675154320987,-132,-0.20625,-6.1875,RIGHT,0
760,0.10375675154320987,-132,-0.20625,-6.1875,RIGHT,0
761,0.10276089891975308,-142,-0.221875,-6.65625,RIGHT,0
762,0.10295380015432098,-140,-0.21875,-6.5625,RIGHT,0
763,0.10098138503086419,-157,-0.2453125,-7.359375,RIGHT,0
764,0.10098138503086419,-157,-0.2453125,-7.359375,RIGHT,0
765,0.10113329475308643,-159,-0.2484375,-7.453125,RIGHT,0
766,0.1021580825617284,-152,-0.2375,-7.125,RIGHT,0
767,0.10218460648148148,-153,-0.2390625,-7.171875,RIGHT,0
768,0.10511911651234568,-139,-0.2171875,-6.515625,RIGHT,0
769,0.10511911651234568,-139,-0.2171875,-6.515625,RIGHT,0
770,0.10808497299382716,-125,-0.1953125,-5.859375,RIGHT,0
771,0.10805844907407407,-125,-0.1953125,-5.859375,RIGHT,0
772,0.10783661265432098,-133,-0.2078125,-6.234375,RIGHT,0
773,0.10618730709876543,-146,-0.228125,-6.84375,RIGHT,0
774,0.10620659722222223,-146,-0.228125,-6.84375,RIGHT,0
775,0.10442226080246914,-151,-0.2359375,-7.078125,RIGHT,0
776,0.10442226080246914,-151,-0.2359375,-7.078125,RIGHT,0
777,0.10464891975308642,-144,-0.225,-6.75,RIGHT,0
778,0.1046802662037037,-144,-0.225,-6.75,RIGHT,0
779,0.10385320216049383,-148,-0.23125,-6.9375,RIGHT,0
780,0.10385320216049383,-148,-0.23125,-6.9375,RIGHT,0
781,0.10349874614197531,-154,-0.240625,-7.21875,RIGHT,0
782,0.10481288580246914,-135,-0.2109375,-6.328125,RIGHT,0
783,0.1048804012345679,-134,-0.209375,-6.28125,RIGHT,0
784,0.10225694444444444,-132,-0.20625,-6.1875,RIGHT,0
785,0.10225694444444444,-132,-0.20625,-6.1875,RIGHT,0
786,0.10178192515432098,-134,-0.209375,-6.28125,RIGHT,0
787,0.10178674768518518,-134,-0.209375,-6.28125,RIGHT,0
788,0.10239438657407407,-133,-0.2078125,-6.234375,RIGHT,0
789,0.10219425154320988,-136,-0.2125,-6.375,RIGHT,0
790,0.10224971064814815,-135,-0.2109375,-6.328125,RIGHT,0
791,0.10478877314814815,-123,-0.1921875,-5.765625,RIGHT,0
792,0.10478877314814815,-123,-0.1921875,-5.765625,RIGHT,0
793,0.10480082947530864,-123,-0.1921875,-5.765625,RIGHT,0
794,0.10480082947530864,-123,-0.1921875,-5.765625,RIGHT,0
795,0.10496961805555556,-122,-0.190625,-5.71875,RIGHT,0
796,0.1047043788580247,-123,-0.1921875,-5.765625,RIGHT,0
797,0.1047043788580247,-123,-0.1921875,-5.765625,RIGHT,0
798,0.1056833526234568,-120,-0.1875,-5.625,RIGHT,0
799,0.10575327932098766,-119,-0.1859375,-5.578125,RIGHT,0
800,0.10672019675925926,-116,-0.18125,-5.4375,RIGHT,0
801,0.10672019675925926,-116,-0.18125,-5.4375,RIGHT,0
802,0.10541329089506173,-127,-0.1984375,-5.953125,RIGHT,0
803,0.10541329089506173,-127,-0.1984375,-5.953125,RIGHT,0
804,0.1035228587962963,-144,-0.225,-6.75,RIGHT,0
805,0.10207609953703704,-159,-0.2484375,-7.453125,RIGHT,0
806,0.1021532600308642,-159,-0.2484375,-7.453125,RIGHT,0
807,0.10195553626543209,-165,-0.2578125,-7.734375,RIGHT,0
808,0.1019603587962963,-165,-0.2578125,-7.734375,RIGHT,0
809,0.10249083719135803,-166,-0.259375,-7.781250000000001,RIGHT,0
810,0.10249083719135803,-166,-0.259375,-7.781250000000001,RIGHT,0
811,0.10302854938271605,-167,-0.2609375,-7.828125,RIGHT,0
812,0.10458863811728394,-150,-0.234375,-7.03125,RIGHT,0
813,0.10462962962962963,-150,-0.234375,-7.03125,RIGHT,0
814,0.10472849151234567,-150,-0.234375,-7.03125,RIGHT,0
815,0.10472849151234567,-150,-0.234375,-7.03125,RIGHT,0
816,0.10403404706790123,-154,-0.240625,-7.21875,RIGHT,0
817,0.10408227237654322,-154,-0.240625,-7.21875,RIGHT,0
818,0.10404851466049382,-153,-0.2390625,-7.171875,RIGHT,0
819,0.10404851466049382,-153,-0.2390625,-7.171875,RIGHT,0
820,0.10393036265432098,-147,-0.2296875,-6.890625,RIGHT,0
821,0.10056664737654321,-146,-0.228125,-6.84375,RIGHT,0
822,0.10056664737654321,-146,-0.228125,-6.84375,RIGHT,0
823,0.10063657407407407,-145,-0.2265625,-6.796875,RIGHT,0
824,0.10065104166666666,-145,-0.2265625,-6.796875,RIGHT,0
825,0.10065104166666666,-146,-0.228125,-6.84375,RIGHT,0
826,0.10065104166666666,-146,-0.228125,-6.84375,RIGHT,0
827,0.10065104166666666,-146,-0.228125,-6.84375,RIGHT,0
828,0.10144193672839506,-141,-0.2203125,-6.609375,RIGHT,0
829,0.10145640432098765,-141,-0.2203125,-6.609375,RIGHT,0
830,0.1015576774691358,-141,-0.2203125,-6.609375,RIGHT,0
831,0.1015576774691358,-141,-0.2203125,-6.609375,RIGHT,0
832,0.1027367862654321,-136,-0.2125,-6.375,RIGHT,0
833,0.10271026234567901,-135,-0.2109375,-6.328125,RIGHT,0
834,0.10340229552469135,-132,-0.20625,-6.1875,RIGHT,0
835,0.10230034722222223,-143,-0.2234375,-6.703125,RIGHT,0
836,0.10228587962962964,-143,-0.2234375,-6.703125,RIGHT,0
837,0.10236062885802469,-147,-0.2296875,-6.890625,RIGHT,0
838,0.10236062885802469,-147,-0.2296875,-6.890625,RIGHT,0
839,0.10312017746913581,-144,-0.225,-6.75,RIGHT,0
840,0.10312017746913581,-144,-0.225,-6.75,RIGHT,0
841,0.10283082561728395,-146,-0.228125,-6.84375,RIGHT,0
842,0.10283082561728395,-146,-0.228125,-6.84375,RIGHT,0
843,0.10345775462962963,-143,-0.2234375,-6.703125,RIGHT,0
844,0.10463927469135803,-139,-0.2171875,-6.515625,RIGHT,0
845,0.10458381558641976,-139,-0.2171875,-6.515625,RIGHT,0
846,0.1058473186728395,-132,-0.20625,-6.1875,RIGHT,0
847,0.1058473186728395,-132,-0.20625,-6.1875,RIGHT,0
848,0.10661892361111111,-131,-0.2046875,-6.140625,RIGHT,0
849,0.10652729552469135,-131,-0.2046875,-6.140625,RIGHT,0
850,0.10586178626543209,-149,-0.2328125,-6.984375,RIGHT,0
851,0.10593894675925926,-149,-0.2328125,-6.984375,RIGHT,0
852,0.105859375,-150,-0.234375,-7.03125,RIGHT,0
853,0.10595582561728395,-144,-0.225,-6.75,RIGHT,0
854,0.10590036651234568,-144,-0.225,-6.75,RIGHT,0
855,0.10615596064814815,-138,-0.215625,-6.46875,RIGHT,0
856,0.10615596064814815,-138,-0.215625,-6.46875,RIGHT,0
857,0.10488522376543209,-138,-0.215625,-6.46875,RIGHT,0
858,0.10471643518518518,-137,-0.2140625,-6.421875,RIGHT,0
859,0.1046923225308642,-137,-0.2140625,-6.421875,RIGHT,0
860,0.10422453703703703,-137,-0.2140625,-6.421875,RIGHT,0
861,0.10422453703703703,-137,-0.2140625,-6.421875,RIGHT,0
862,0.10409915123456791,-137,-0.2140625,-6.421875,RIGHT,0
863,0.1040919174382716,-138,-0.215625,-6.46875,RIGHT,0
864,0.10123215663580247,-142,-0.221875,-6.65625,RIGHT,0
865,0.10123215663580247,-142,-0.221875,-6.65625,RIGHT,0
866,0.10113570601851851,-139,-0.2171875,-6.515625,RIGHT,0
867,0.10108989197530864,-140,-0.21875,-6.5625,RIGHT,0
868,0.10108989197530864,-140,-0.21875,-6.5625,RIGHT,0
869,0.10112364969135802,-139,-0.2171875,-6.515625,RIGHT,0
870,0.10103202160493827,-140,-0.21875,-6.5625,RIGHT,0
871,0.09952980324074075,-153,-0.2390625,-7.171875,RIGHT,0
872,0.09952980324074075,-153,-0.2390625,-7.171875,RIGHT,0
873,0.1002097800925926,-149,-0.2328125,-6.984375,RIGHT,0
874,0.10124903549382716,-146,-0.228125,-6.84375,RIGHT,0
875,0.10123939043209877,-146,-0.228125,-6.84375,RIGHT,0
876,0.10073061342592593,-150,-0.234375,-7.03125,RIGHT,0
877,0.10073061342592593,-150,-0.234375,-7.03125,RIGHT,0
878,0.09993730709876543,-159,-0.2484375,-7.453125,RIGHT,0
879,0.0998095100308642,-160,-0.25,-7.5,RIGHT,0
880,0.09965760030864197,-162,-0.253125,-7.59375,RIGHT,0
881,0.10065104166666666,-160,-0.25,-7.5,RIGHT,0
882,0.10067756558641976,-160,-0.25,-7.5,RIGHT,0
883,0.10060281635802469,-160,-0.25,-7.5,RIGHT,0
884,0.10060281635802469,-160,-0.25,-7.5,RIGHT,0
885,0.10149980709876544,-156,-0.24375,-7.3125,RIGHT,0
886,0.10148292824074075,-156,-0.24375,-7.3125,RIGHT,0
887,0.10248360339506173,-154,-0.240625,-7.21875,RIGHT,0
888,0.10248360339506173,-154,-0.240625,-7.21875,RIGHT,0
889,0.10458140432098766,-145,-0.2265625,-6.796875,RIGHT,0
890,0.10700472608024691,-132,-0.20625,-6.1875,RIGHT,0
891,0.1070240162037037,-132,-0.20625,-6.1875,RIGHT,0
892,0.10791377314814815,-130,-0.203125,-6.09375,RIGHT,0
893,0.10791377314814815,-130,-0.203125,-6.09375,RIGHT,0
894,0.10686969521604939,-130,-0.203125,-6.09375,RIGHT,0
895,0.10690827546296296,-130,-0.203125,-6.09375,RIGHT,0
896,0.10754484953703704,-125,-0.1953125,-5.859375,RIGHT,0
897,0.1078004436728395,-121,-0.1890625,-5.671875,RIGHT,0
898,0.10778115354938271,-121,-0.1890625,-5.671875,RIGHT,0
899,0.10792824074074074,-120,-0.1875,-5.625,RIGHT,0
900,0.10789930555555556,-120,-0.1875,-5.625,RIGHT,0
901,0.10738811728395062,-119,-0.1859375,-5.578125,RIGHT,0
902,0.10749662422839507,-118,-0.184375,-5.53125,RIGHT,0
903,0.10548562885802469,-114,-0.178125,-5.34375,RIGHT,0
904,0.10529755015432099,-111,-0.1734375,-5.203125,RIGHT,0
905,0.10534818672839506,-111,-0.1734375,-5.203125,RIGHT,0
906,0.10465856481481481,-116,-0.18125,-5.4375,RIGHT,0
907,0.10465856481481481,-116,-0.18125,-5.4375,RIGHT,0
908,0.10611496913580247,-108,-0.16875,-5.0625,RIGHT,0
909,0.10613667052469136,-108,-0.16875,-5.0625,RIGHT,0
910,0.10636091820987655,-108,-0.16875,-5.0625,RIGHT,0
911,0.10646701388888889,-108,-0.16875,-5.0625,RIGHT,0
912,0.1064453125,-108,-0.16875,-5.0625,RIGHT,0
913,0.10694685570987654,-109,-0.1703125,-5.109375,RIGHT,0
914,0.10693721064814815,-109,-0.1703125,-5.109375,RIGHT,0
915,0.10693962191358025,-109,-0.1703125,-5.109375,RIGHT,0
916,0.10694926697530864,-109,-0.1703125,-5.109375,RIGHT,0
917,0.10667679398148149,-111,-0.1734375,-5.203125,RIGHT,0
918,0.10667679398148149,-111,-0.1734375,-5.203125,RIGHT,0
919,0.10740981867283951,-118,-0.184375,-5.53125,RIGHT,0
920,0.10743393132716049,-118,-0.184375,-5.53125,RIGHT,0
921,0.10746286651234568,-118,-0.184375,-5.53125,RIGHT,0
922,0.10752797067901235,-118,-0.184375,-5.53125,RIGHT,0
923,0.10752797067901235,-118,-0.184375,-5.53125,RIGHT,0
924,0.10752797067901235,-117,-0.1828125,-5.484375,RIGHT,0
925,0.10751832561728394,-118,-0.184375,-5.53125,RIGHT,0
926,0.10805603780864198,-120,-0.1875,-5.625,RIGHT,0
927,0.10854070216049383,-123,-0.1921875,-5.765625,RIGHT,0
928,0.10845148533950617,-123,-0.1921875,-5.765625,RIGHT,0
929,0.10900607638888889,-123,-0.1921875,-5.765625,RIGHT,0
930,0.10900607638888889,-123,-0.1921875,-5.765625,RIGHT,0
931,0.10844666280864197,-132,-0.20625,-6.1875,RIGHT,0
932,0.10843942901234568,-132,-0.20625,-6.1875,RIGHT,0
933,0.10768711419753087,-128,-0.2,-6.0,RIGHT,0
934,0.10768711419753087,-128,-0.2,-6.0,RIGHT,0
935,0.10794994212962963,-124,-0.19375,-5.8125,RIGHT,0
936,0.10768952546296297,-121,-0.1890625,-5.671875,RIGHT,0
937,0.10774980709876543,-121,-0.1890625,-5.671875,RIGHT,0
938,0.10785108024691357,-120,-0.1875,-5.625,RIGHT,0
939,0.10785108024691357,-120,-0.1875,-5.625,RIGHT,0
940,0.10762683256172839,-118,-0.184375,-5.53125,RIGHT,0
941,0.10758825231481481,-118,-0.184375,-5.53125,RIGHT,0
942,0.10650077160493827,-111,-0.1734375,-5.203125,RIGHT,0
943,0.1058714313271605,-111,-0.1734375,-5.203125,RIGHT,0
944,0.10588107638888888,-111,-0.1734375,-5.203125,RIGHT,0
945,0.10547839506172839,-114,-0.178125,-5.34375,RIGHT,0
946,0.10547839506172839,-114,-0.178125,-5.34375,RIGHT,0
947,0.10436197916666666,-122,-0.190625,-5.71875,RIGHT,0
948,0.10432822145061728,-122,-0.190625,-5.71875,RIGHT,0
949,0.10421971450617284,-123,-0.1921875,-5.765625,RIGHT,0
950,0.10466097608024691,-123,-0.1921875,-5.765625,RIGHT,0
951,0.10465133101851852,-123,-0.1921875,-5.765625,RIGHT,0
952,0.10492139274691357,-123,-0.1921875,-5.765625,RIGHT,0
953,0.10492139274691357,-123,-0.1921875,-5.765625,RIGHT,0
954,0.10540123456790124,-122,-0.190625,-5.71875,RIGHT,0
955,0.10540123456790124,-122,-0.190625,-5.71875,RIGHT,0
956,0.10603057484567902,-121,-0.1890625,-5.671875,RIGHT,0
957,0.10603057484567902,-121,-0.1890625,-5.671875,RIGHT,0
958,0.10601851851851851,-127,-0.1984375,-5.953125,RIGHT,0
959,0.10595582561728395,-127,-0.1984375,-5.953125,RIGHT,0
960,0.10595582561728395,-127,-0.1984375,-5.953125,RIGHT,0
961,0.10597511574074074,-131,-0.2046875,-6.140625,RIGHT,0
962,0.10594376929012346,-131,-0.2046875,-6.140625,RIGHT,0
963,0.10569782021604938,-142,-0.221875,-6.65625,RIGHT,0
964,0.10569782021604938,-142,-0.221875,-6.65625,RIGHT,0
965,0.10556520061728394,-143,-0.2234375,-6.703125,RIGHT,0
966,0.1066285686728395,-141,-0.2203125,-6.609375,RIGHT,0
967,0.10695408950617284,-139,-0.2171875,-6.515625,RIGHT,0
968,0.10658275462962963,-148,-0.23125,-6.9375,RIGHT,0
969,0.10658275462962963,-148,-0.23125,-6.9375,RIGHT,0
970,0.10711323302469136,-143,-0.2234375,-6.703125,RIGHT,0
971,0.1072048611111111,-143,-0.2234375,-6.703125,RIGHT,0
972,0.10642361111111111,-143,-0.2234375,-6.703125,RIGHT,0
973,0.10656587577160494,-137,-0.2140625,-6.421875,RIGHT,0
974,0.10666956018518518,-136,-0.2125,-6.375,RIGHT,0
975,0.10632474922839506,-135,-0.2109375,-6.328125,RIGHT,0
976,0.10632474922839506,-135,-0.2109375,-6.328125,RIGHT,0
977,0.10597270447530864,-139,-0.2171875,-6.515625,RIGHT,0
978,0.10600887345679012,-139,-0.2171875,-6.515625,RIGHT,0
979,0.10484182098765432,-141,-0.2203125,-6.609375,RIGHT,0
980,0.10484182098765432,-141,-0.2203125,-6.609375,RIGHT,0
981,0.10191936728395062,-142,-0.221875,-6.65625,RIGHT,0
982,0.10062692901234568,-147,-0.2296875,-6.890625,RIGHT,0
983,0.10066792052469135,-146,-0.228125,-6.84375,RIGHT,0
984,0.10109712577160494,-146,-0.228125,-6.84375,RIGHT,0
985,0.10109712577160494,-146,-0.228125,-6.84375,RIGHT,0
986,0.1008029513888889,-147,-0.2296875,-6.890625,RIGHT,0
987,0.10082706404320987,-147,-0.2296875,-6.890625,RIGHT,0
988,0.10108506944444444,-147,-0.2296875,-6.890625,RIGHT,0
989,0.10112364969135802,-147,-0.2296875,-6.890625,RIGHT,0
990,0.10108265817901235,-147,-0.2296875,-6.890625,RIGHT,0
991,0.1013503086419753,-146,-0.228125,-6.84375,RIGHT,0
992,0.1013503086419753,-146,-0.228125,-6.84375,RIGHT,0
993,0.10146363811728396,-146,-0.228125,-6.84375,RIGHT,0
994,0.10140335648148148,-146,-0.228125,-6.84375,RIGHT,0
995,0.10168547453703704,-146,-0.228125,-6.84375,RIGHT,0
996,0.10290075231481481,-150,-0.234375,-7.03125,RIGHT,0
997,0.10290075231481481,-150,-0.234375,-7.03125,RIGHT,0
998,0.10245466820987655,-147,-0.2296875,-6.890625,RIGHT,0
999,0.10245466820987655,-147,-0.2296875,-6.890625,RIGHT,0
1000,0.10278018904320987,-148,-0.23125,-6.9375,RIGHT,0
1001,0.10278018904320987,-148,-0.23125,-6.9375,RIGHT,0
1002,0.10321180555555555,-148,-0.23125,-6.9375,RIGHT,0
1003,0.10321180555555555,-148,-0.23125,-6.9375,RIGHT,0
1004,0.10458140432098766,-151,-0.2359375,-7.078125,RIGHT,0
1005,0.10458863811728394,-151,-0.2359375,-7.078125,RIGHT,0
1006,0.10457899305555556,-151,-0.2359375,-7.078125,RIGHT,0
1007,0.10460792824074074,-151,-0.2359375,-7.078125,RIGHT,0
1008,0.10456934799382717,-151,-0.2359375,-7.078125,RIGHT,0
1009,0.10475983796296297,-153,-0.2390625,-7.171875,RIGHT,0
1010,0.10472608024691359,-153,-0.2390625,-7.171875,RIGHT,0
1011,0.10423659336419754,-152,-0.2375,-7.125,RIGHT,0
1012,0.10358796296296297,-151,-0.2359375,-7.078125,RIGHT,0
1013,0.10356385030864197,-151,-0.2359375,-7.078125,RIGHT,0
1014,0.10298273533950618,-150,-0.234375,-7.03125,RIGHT,0
1015,0.10298273533950618,-150,-0.234375,-7.03125,RIGHT,0
1016,0.10280430169753087,-150,-0.234375,-7.03125,RIGHT,0
1017,0.10280912422839507,-150,-0.234375,-7.03125,RIGHT,0
1018,0.10259693287037037,-156,-0.24375,-7.3125,RIGHT,0
1019,0.10257523148148148,-156,-0.24375,-7.3125,RIGHT,0
1020,0.10259693287037037,-155,-0.2421875,-7.265625,RIGHT,0
1021,0.10255594135802469,-155,-0.2421875,-7.265625,RIGHT,0
1022,0.10258969907407407,-156,-0.24375,-7.3125,RIGHT,0
1023,0.10258969907407407,-156,-0.24375,-7.3125,RIGHT,0
1024,0.10258969907407407,-156,-0.24375,-7.3125,RIGHT,0
1025,0.10262345679012345,-156,-0.24375,-7.3125,RIGHT,0
1026,0.10260416666666666,-156,-0.24375,-7.3125,RIGHT,0
1027,0.10263792438271604,-156,-0.24375,-7.3125,RIGHT,0
1028,0.10263792438271604,-156,-0.24375,-7.3125,RIGHT,0
1029,0.10263792438271604,-156,-0.24375,-7.3125,RIGHT,0
1030,0.10259211033950617,-156,-0.24375,-7.3125,RIGHT,0
1031,0.10260416666666666,-156,-0.24375,-7.3125,RIGHT,0
1032,0.10260416666666666,-156,-0.24375,-7.3125,RIGHT,0
1033,0.10260416666666666,-156,-0.24375,-7.3125,RIGHT,0
1034,0.10257040895061728,-156,-0.24375,-7.3125,RIGHT,0
1035,0.10264515817901235,-156,-0.24375,-7.3125,RIGHT,0
1036,0.10264515817901235,-156,-0.24375,-7.3125,RIGHT,0
1037,0.10263551311728394,-156,-0.24375,-7.3125,RIGHT,0
1038,0.10262586805555556,-156,-0.24375,-7.3125,RIGHT,0
1039,0.10266203703703704,-156,-0.24375,-7.3125,RIGHT,0
1040,0.10268856095679012,-156,-0.24375,-7.3125,RIGHT,0
1041,0.10296344521604939,-157,-0.2453125,-7.359375,RIGHT,0
1042,0.10295380015432098,-157,-0.2453125,-7.359375,RIGHT,0
1043,0.10392795138888888,-158,-0.246875,-7.40625,RIGHT,0
1044,0.1044921875,-160,-0.25,-7.5,RIGHT,0
1045,0.1044921875,-160,-0.25,-7.5,RIGHT,0
1046,0.10453076774691358,-162,-0.253125,-7.59375,RIGHT,0
1047,0.10451630015432099,-162,-0.253125,-7.59375,RIGHT,0
1048,0.10484423225308642,-163,-0.2546875,-7.640625,RIGHT,0
1049,0.10482253086419753,-163,-0.2546875,-7.640625,RIGHT,0
1050,0.10317322530864198,-162,-0.253125,-7.59375,RIGHT,0
1051,0.10323109567901234,-162,-0.253125,-7.59375,RIGHT,0
1052,0.10323109567901234,-162,-0.253125,-7.59375,RIGHT,0
1053,0.10323109567901234,-162,-0.253125,-7.59375,RIGHT,0
1054,0.10326244212962964,-162,-0.253125,-7.59375,RIGHT,0
1055,0.10360001929012345,-162,-0.253125,-7.59375,RIGHT,0
1056,0.10359519675925925,-161,-0.2515625,-7.546875000000001,RIGHT,0
1057,0.10291280864197531,-160,-0.25,-7.5,RIGHT,0
1058,0.1013695987654321,-157,-0.2453125,-7.359375,RIGHT,0
1059,0.1013695987654321,-157,-0.2453125,-7.359375,RIGHT,0
1060,0.10119598765432099,-157,-0.2453125,-7.359375,RIGHT,0
1061,0.10119598765432099,-157,-0.2453125,-7.359375,RIGHT,0
1062,0.10133101851851851,-157,-0.2453125,-7.359375,RIGHT,0
1063,0.10133101851851851,-157,-0.2453125,-7.359375,RIGHT,0
1064,0.10134307484567902,-157,-0.2453125,-7.359375,RIGHT,0
1065,0.10134307484567902,-157,-0.2453125,-7.359375,RIGHT,0
1066,0.10130931712962964,-157,-0.2453125,-7.359375,RIGHT,0
1067,0.10157696759259259,-158,-0.246875,-7.40625,RIGHT,0
1068,0.10163242669753086,-158,-0.246875,-7.40625,RIGHT,0
1069,0.10191695601851852,-158,-0.246875,-7.40625,RIGHT,0
1070,0.10192177854938271,-158,-0.246875,-7.40625,RIGHT,0
1071,0.10209297839506173,-159,-0.2484375,-7.453125,RIGHT,0
1072,0.10209297839506173,-159,-0.2484375,-7.453125,RIGHT,0
1073,0.10240403163580247,-161,-0.2515625,-7.546875000000001,RIGHT,0
1074,0.10281876929012346,-161,-0.2515625,-7.546875000000001,RIGHT,0
1075,0.10283805941358025,-161,-0.2515625,-7.546875000000001,RIGHT,0
1076,0.10359037422839507,-162,-0.253125,-7.59375,RIGHT,0
1077,0.10359037422839507,-162,-0.253125,-7.59375,RIGHT,0
1078,0.1041039737654321,-163,-0.2546875,-7.640625,RIGHT,0
1079,0.1041063850308642,-163,-0.2546875,-7.640625,RIGHT,0
1080,0.10511188271604938,-165,-0.2578125,-7.734375,RIGHT,0
1081,0.10602816358024691,-167,-0.2609375,-7.828125,RIGHT,0
1082,0.1060570987654321,-167,-0.2609375,-7.828125,RIGHT,0
1083,0.10697579089506173,-169,-0.2640625,-7.921874999999999,RIGHT,0
1084,0.10697579089506173,-169,-0.2640625,-7.921874999999999,RIGHT,0
1085,0.10621865354938272,-169,-0.2640625,-7.921874999999999,RIGHT,0
1086,0.10620177469135803,-169,-0.2640625,-7.921874999999999,RIGHT,0
1087,0.10600163966049382,-169,-0.2640625,-7.921874999999999,RIGHT,0
1088,0.10600163966049382,-169,-0.2640625,-7.921874999999999,RIGHT,0
1089,0.10599199459876543,-169,-0.2640625,-7.921874999999999,RIGHT,0
1090,0.10667920524691359,-164,-0.25625,-7.687499999999999,RIGHT,0
1091,0.10659963348765432,-164,-0.25625,-7.687499999999999,RIGHT,0
1092,0.10730372299382716,-160,-0.25,-7.5,RIGHT,0
1093,0.10730372299382716,-160,-0.25,-7.5,RIGHT,0
1094,0.1066430362654321,-162,-0.253125,-7.59375,RIGHT,0
1095,0.10661892361111111,-162,-0.253125,-7.59375,RIGHT,0
1096,0.1076099537037037,-156,-0.24375,-7.3125,RIGHT,0
1097,0.10759066358024691,-156,-0.24375,-7.3125,RIGHT,0
1098,0.10751591435185186,-157,-0.2453125,-7.359375,RIGHT,0
1099,0.10817901234567902,-153,-0.2390625,-7.171875,RIGHT,0
1100,0.10831404320987655,-152,-0.2375,-7.125,RIGHT,0
1101,0.10812837577160493,-153,-0.2390625,-7.171875,RIGHT,0
1102,0.10796682098765432,-153,-0.2390625,-7.171875,RIGHT,0
1103,0.10786072530864198,-156,-0.24375,-7.3125,RIGHT,0
1104,0.1078052662037037,-165,-0.2578125,-7.734375,RIGHT,0
1105,0.1078052662037037,-165,-0.2578125,-7.734375,RIGHT,0
1106,0.10816213348765433,-165,-0.2578125,-7.734375,RIGHT,0
1107,0.10816213348765433,-165,-0.2578125,-7.734375,RIGHT,0
1108,0.10814284336419754,-165,-0.2578125,-7.734375,RIGHT,0
1109,0.10813319830246913,-165,-0.2578125,-7.734375,RIGHT,0
1110,0.11059992283950618,-153,-0.2390625,-7.171875,RIGHT,0
1111,0.11059992283950618,-153,-0.2390625,-7.171875,RIGHT,0
1112,0.11065779320987654,-149,-0.2328125,-6.984375,RIGHT,0
1113,0.11024787808641975,-143,-0.2234375,-6.703125,RIGHT,0
1114,0.11024787808641975,-143,-0.2234375,-6.703125,RIGHT,0
1115,0.10927854938271606,-142,-0.221875,-6.65625,RIGHT,0
1116,0.10948350694444445,-141,-0.2203125,-6.609375,RIGHT,0
1117,0.10883969907407408,-146,-0.228125,-6.84375,RIGHT,0
1118,0.10883969907407408,-146,-0.228125,-6.84375,RIGHT,0
1119,0.10945457175925925,-154,-0.240625,-7.21875,RIGHT,0
1120,0.1081983024691358,-174,-0.271875,-8.15625,RIGHT,0
1121,0.10808497299382716,-175,-0.2734375,-8.203125,RIGHT,0
1122,0.10741222993827161,-179,-0.2796875,-8.390625,RIGHT,0
1123,0.10741222993827161,-179,-0.2796875,-8.390625,RIGHT,0
1124,0.10927613811728396,-183,-0.2859375,-8.578125,RIGHT,0
1125,0.10909529320987654,-184,-0.2875,-8.625,RIGHT,0
1126,0.10767988040123457,-180,-0.28125,-8.4375,RIGHT,0
1127,0.10930989583333334,-178,-0.278125,-8.34375,RIGHT,0
1128,0.1089891975308642,-179,-0.2796875,-8.390625,RIGHT,0
1129,0.10930266203703703,-178,-0.278125,-8.34375,RIGHT,0
1130,0.10930266203703703,-178,-0.278125,-8.34375,RIGHT,0
1131,0.10831404320987655,-181,-0.2828125,-8.484375,RIGHT,0
1132,0.10829957561728396,-181,-0.2828125,-8.484375,RIGHT,0
1133,0.11033950617283951,-172,-0.26875,-8.0625,RIGHT,0
1134,0.11033950617283951,-172,-0.26875,-8.0625,RIGHT,0
1135,0.11039737654320987,-173,-0.2703125,-8.109375,RIGHT,0
1136,0.11162712191358025,-168,-0.2625,-7.875,RIGHT,0
1137,0.11162229938271605,-168,-0.2625,-7.875,RIGHT,0
1138,0.11141010802469135,-174,-0.271875,-8.15625,RIGHT,0
1139,0.11141010802469135,-174,-0.271875,-8.15625,RIGHT,0
1140,0.11052758487654321,-178,-0.278125,-8.34375,RIGHT,0
1141,0.11049623842592593,-179,-0.2796875,-8.390625,RIGHT,0
1142,0.11107494212962964,-182,-0.284375,-8.53125,RIGHT,0
1143,0.11121961805555555,-182,-0.284375,-8.53125,RIGHT,0
1144,0.11117862654320988,-182,-0.284375,-8.53125,RIGHT,0
1145,0.11146315586419753,-192,-0.3,-9.0,RIGHT,0
1146,0.11146315586419753,-192,-0.3,-9.0,RIGHT,0
1147,0.11180073302469136,-193,-0.3015625,-9.046875,RIGHT,0
1148,0.11182966820987654,-193,-0.3015625,-9.046875,RIGHT,0
1149,0.1130811149691358,-197,-0.3078125,-9.234375,RIGHT,0
1150,0.11508728780864197,-193,-0.3015625,-9.046875,RIGHT,0
1151,0.11508728780864197,-193,-0.3015625,-9.046875,RIGHT,0
1152,0.11878375771604938,-171,-0.2671875,-8.015625,RIGHT,0
1153,0.11878375771604938,-171,-0.2671875,-8.015625,RIGHT,0
1154,0.12068383487654322,-174,-0.271875,-8.15625,RIGHT,0
1155,0.12068383487654322,-174,-0.271875,-8.15625,RIGHT,0
1156,0.120703125,-175,-0.2734375,-8.203125,RIGHT,0
1157,0.120703125,-175,-0.2734375,-8.203125,RIGHT,0
1158,0.12118055555555556,-169,-0.2640625,-7.921874999999999,RIGHT,0
1159,0.12055603780864198,-167,-0.2609375,-7.828125,RIGHT,0
1160,0.12055603780864198,-167,-0.2609375,-7.828125,RIGHT,0
1161,0.11762152777777778,-162,-0.253125,-7.59375,RIGHT,0
1162,0.11767216435185185,-162,-0.253125,-7.59375,RIGHT,0
1163,0.1179783950617284,-164,-0.25625,-7.687499999999999,RIGHT,0
1164,0.1179783950617284,-164,-0.25625,-7.687499999999999,RIGHT,0
1165,0.11773726851851851,-160,-0.25,-7.5,RIGHT,0
1166,0.11744309413580246,-161,-0.2515625,-7.546875000000001,RIGHT,0
1167,0.11762635030864198,-161,-0.2515625,-7.546875000000001,RIGHT,0
1168,0.11711275077160493,-161,-0.2515625,-7.546875000000001,RIGHT,0
1169,0.11711275077160493,-161,-0.2515625,-7.546875000000001,RIGHT,0
1170,0.11724537037037037,-166,-0.259375,-7.781250000000001,RIGHT,0
1171,0.11716338734567901,-167,-0.2609375,-7.828125,RIGHT,0
1172,0.11676070601851851,-161,-0.2515625,-7.546875000000001,RIGHT,0
1173,0.11246624228395062,-135,-0.2109375,-6.328125,RIGHT,0
1174,0.1124951774691358,-134,-0.209375,-6.28125,RIGHT,0
1175,0.11272907021604939,-136,-0.2125,-6.375,RIGHT,0
1176,0.11260850694444445,-136,-0.2125,-6.375,RIGHT,0
1177,0.11262297453703704,-135,-0.2109375,-6.328125,RIGHT,0
1178,0.11254099151234567,-135,-0.2109375,-6.328125,RIGHT,0
1179,0.11261091820987654,-135,-0.2109375,-6.328125,RIGHT,0
1180,0.11257716049382716,-135,-0.2109375,-6.328125,RIGHT,0
1181,0.11276765046296296,-134,-0.209375,-6.28125,RIGHT,0
1182,0.11262779706790123,-128,-0.2,-6.0,RIGHT,0
1183,0.11266155478395062,-128,-0.2,-6.0,RIGHT,0
1184,0.11329571759259259,-121,-0.1890625,-5.671875,RIGHT,0
1185,0.11329571759259259,-121,-0.1890625,-5.671875,RIGHT,0
1186,0.11332224151234568,-121,-0.1890625,-5.671875,RIGHT,0
1187,0.11332706404320987,-121,-0.1890625,-5.671875,RIGHT,0
1188,0.11333188657407407,-121,-0.1890625,-5.671875,RIGHT,0
1189,0.11260368441358025,-124,-0.19375,-5.8125,RIGHT,0
1190,0.11260368441358025,-124,-0.19375,-5.8125,RIGHT,0
1191,0.1130883487654321,-123,-0.1921875,-5.765625,RIGHT,0
1192,0.1130883487654321,-123,-0.1921875,-5.765625,RIGHT,0
1193,0.11312692901234568,-123,-0.1921875,-5.765625,RIGHT,0
1194,0.11304976851851851,-123,-0.1921875,-5.765625,RIGHT,0
1195,0.11271460262345678,-125,-0.1953125,-5.859375,RIGHT,0
1196,0.11283034336419753,-124,-0.19375,-5.8125,RIGHT,0
1197,0.11283034336419753,-124,-0.19375,-5.8125,RIGHT,0
1198,0.11256028163580246,-126,-0.196875,-5.90625,RIGHT,0
1199,0.11262056327160494,-126,-0.196875,-5.90625,RIGHT,0
1200,0.11328125,-123,-0.1921875,-5.765625,RIGHT,0
1201,0.11328125,-123,-0.1921875,-5.765625,RIGHT,0
1202,0.11302565586419754,-126,-0.196875,-5.90625,RIGHT,0
1203,0.11302565586419754,-126,-0.196875,-5.90625,RIGHT,0
1204,0.11280381944444444,-126,-0.196875,-5.90625,RIGHT,0
1205,0.11359712577160494,-120,-0.1875,-5.625,RIGHT,0
1206,0.11359712577160494,-120,-0.1875,-5.625,RIGHT,0
1207,0.11315104166666666,-124,-0.19375,-5.8125,RIGHT,0
1208,0.11315345293209876,-124,-0.19375,-5.8125,RIGHT,0
1209,0.11384066358024691,-122,-0.190625,-5.71875,RIGHT,0
1210,0.11384066358024691,-122,-0.190625,-5.71875,RIGHT,0
1211,0.1130835262345679,-125,-0.1953125,-5.859375,RIGHT,0
1212,0.11364052854938271,-120,-0.1875,-5.625,RIGHT,0
1213,0.11358748070987654,-120,-0.1875,-5.625,RIGHT,0
1214,0.11320408950617283,-122,-0.190625,-5.71875,RIGHT,0
1215,0.11320408950617283,-122,-0.190625,-5.71875,RIGHT,0
1216,0.11257474922839507,-127,-0.1984375,-5.953125,RIGHT,0
1217,0.11258680555555556,-127,-0.1984375,-5.953125,RIGHT,0
1218,0.11264949845679012,-125,-0.1953125,-5.859375,RIGHT,0
1219,0.11264949845679012,-125,-0.1953125,-5.859375,RIGHT,0
1220,0.11379726080246913,-119,-0.1859375,-5.578125,RIGHT,0
1221,0.11615788966049383,-106,-0.165625,-4.96875,RIGHT,0
1222,0.11615788966049383,-106,-0.165625,-4.96875,RIGHT,0
1223,0.11691261574074074,-102,-0.159375,-4.78125,RIGHT,0
1224,0.11692708333333333,-102,-0.159375,-4.78125,RIGHT,0
1225,0.11673177083333333,-101,-0.1578125,-4.734375,RIGHT,0
1226,0.11673177083333333,-101,-0.1578125,-4.734375,RIGHT,0
1227,0.11675347222222222,-101,-0.1578125,-4.734375,RIGHT,0
1228,0.11603009259259259,-107,-0.1671875,-5.015625,RIGHT,0
1229,0.11604456018518519,-107,-0.1671875,-5.015625,RIGHT,0
1230,0.11632908950617284,-106,-0.165625,-4.96875,RIGHT,0
1231,0.11632908950617284,-106,-0.165625,-4.96875,RIGHT,0
1232,0.11531153549382717,-111,-0.1734375,-5.203125,RIGHT,0
1233,0.11532118055555556,-111,-0.1734375,-5.203125,RIGHT,0
1234,0.115625,-111,-0.1734375,-5.203125,RIGHT,0
1235,0.1154513888888889,-112,-0.175,-5.25,RIGHT,0
1236,0.11543692129629629,-112,-0.175,-5.25,RIGHT,0
1237,0.11492091049382716,-116,-0.18125,-5.4375,RIGHT,0
1238,0.11492091049382716,-116,-0.18125,-5.4375,RIGHT,0
1239,0.11411554783950617,-121,-0.1890625,-5.671875,RIGHT,0
1240,0.11413724922839506,-121,-0.1890625,-5.671875,RIGHT,0
1241,0.11291232638888889,-127,-0.1984375,-5.953125,RIGHT,0
1242,0.11291232638888889,-127,-0.1984375,-5.953125,RIGHT,0
1243,0.11201292438271605,-133,-0.2078125,-6.234375,RIGHT,0
1244,0.11115210262345679,-139,-0.2171875,-6.515625,RIGHT,0
1245,0.11112075617283951,-139,-0.2171875,-6.515625,RIGHT,0
1246,0.11023582175925926,-143,-0.2234375,-6.703125,RIGHT,0
1247,0.11023582175925926,-143,-0.2234375,-6.703125,RIGHT,0
1248,0.10960165895061728,-147,-0.2296875,-6.890625,RIGHT,0
1249,0.1097776813271605,-146,-0.228125,-6.84375,RIGHT,0
1250,0.1105420524691358,-141,-0.2203125,-6.609375,RIGHT,0
1251,0.11051793981481481,-141,-0.2203125,-6.609375,RIGHT,0
1252,0.1105492862654321,-141,-0.2203125,-6.609375,RIGHT,0
1253,0.11036120756172839,-142,-0.221875,-6.65625,RIGHT,0
1254,0.11031780478395062,-142,-0.221875,-6.65625,RIGHT,0
1255,0.10903742283950617,-149,-0.2328125,-6.984375,RIGHT,0
1256,0.10903742283950617,-149,-0.2328125,-6.984375,RIGHT,0
1257,0.10829716435185185,-155,-0.2421875,-7.265625,RIGHT,0
1258,0.10889515817901235,-149,-0.2328125,-6.984375,RIGHT,0
1259,0.10891927083333333,-149,-0.2328125,-6.984375,RIGHT,0
1260,0.10821759259259259,-151,-0.2359375,-7.078125,RIGHT,0
1261,0.10821759259259259,-151,-0.2359375,-7.078125,RIGHT,0
1262,0.10862027391975308,-157,-0.2453125,-7.359375,RIGHT,0
1263,0.10829475308641975,-156,-0.24375,-7.3125,RIGHT,0
1264,0.11180796682098765,-163,-0.2546875,-7.640625,RIGHT,0
1265,0.11180796682098765,-163,-0.2546875,-7.640625,RIGHT,0
1266,0.1123046875,-169,-0.2640625,-7.921874999999999,RIGHT,0
1267,0.11320650077160493,-170,-0.265625,-7.96875,RIGHT,0
1268,0.11320650077160493,-170,-0.265625,-7.96875,RIGHT,0
1269,0.11318238811728396,-170,-0.265625,-7.96875,RIGHT,0
1270,0.11303288966049382,-170,-0.265625,-7.96875,RIGHT,0
1271,0.1142529899691358,-159,-0.2484375,-7.453125,RIGHT,0
1272,0.1142529899691358,-159,-0.2484375,-7.453125,RIGHT,0
1273,0.11654851466049383,-156,-0.24375,-7.3125,RIGHT,0
1274,0.11753954475308642,-153,-0.2390625,-7.171875,RIGHT,0
1275,0.11753472222222222,-154,-0.240625,-7.21875,RIGHT,0
1276,0.11780237268518519,-157,-0.2453125,-7.359375,RIGHT,0
1277,0.11780237268518519,-157,-0.2453125,-7.359375,RIGHT,0
1278,0.11803626543209876,-153,-0.2390625,-7.171875,RIGHT,0
1279,0.11808690200617283,-153,-0.2390625,-7.171875,RIGHT,0
1280,0.11846064814814815,-150,-0.234375,-7.03125,RIGHT,0
1281,0.11978925540123457,-140,-0.21875,-6.5625,RIGHT,0
1282,0.11955295138888888,-140,-0.21875,-6.5625,RIGHT,0
1283,0.11798804012345679,-138,-0.215625,-6.46875,RIGHT,0
1284,0.11798804012345679,-138,-0.215625,-6.46875,RIGHT,0
1285,0.11647617669753087,-134,-0.209375,-6.28125,RIGHT,0
1286,0.11637972608024691,-135,-0.2109375,-6.328125,RIGHT,0
1287,0.11690538194444444,-134,-0.209375,-6.28125,RIGHT,0
1288,0.11690538194444444,-134,-0.209375,-6.28125,RIGHT,0
1289,0.1168041087962963,-131,-0.2046875,-6.140625,RIGHT,0
1290,0.11705729166666666,-124,-0.19375,-5.8125,RIGHT,0
1291,0.1169970100308642,-124,-0.19375,-5.8125,RIGHT,0
1292,0.11841483410493828,-121,-0.1890625,-5.671875,RIGHT,0
1293,0.11841483410493828,-121,-0.1890625,-5.671875,RIGHT,0
1294,0.1171826774691358,-125,-0.1953125,-5.859375,RIGHT,0
